image,approach,vehicle_count_1min,volume_veh_per_hour,queue_length_veh,density_percent,avg_speed_kmh
frame_0058,LEFT,5,300,0,10.952899932861328,45.0
frame_0058,CENTER,3,180,0,7.000999927520752,55.0
frame_0058,RIGHT,1,60,0,8.034099578857422,55.0
frame_0330,LEFT,5,300,0,8.944600105285645,55.0
frame_0330,CENTER,5,300,0,6.774499893188477,55.0
frame_0330,RIGHT,0,0,0,0.0,60.0
frame_0052,LEFT,6,360,0,18.43120002746582,45.0
frame_0052,CENTER,2,120,0,6.357900142669678,55.0
frame_0052,RIGHT,1,60,0,6.4096999168396,55.0
frame_0239,LEFT,5,300,0,3.890700101852417,55.0
frame_0239,CENTER,6,360,0,3.90120005607605,55.0
frame_0239,RIGHT,0,0,0,0.0,60.0
frame_0321,LEFT,5,300,0,5.845300197601318,55.0
frame_0321,CENTER,5,300,0,5.683599948883057,55.0
frame_0321,RIGHT,0,0,0,0.0,60.0
frame_0344,LEFT,6,360,0,21.636600494384766,35.0
frame_0344,CENTER,4,240,0,9.413299560546875,55.0
frame_0344,RIGHT,0,0,0,0.0,60.0
frame_0144,LEFT,2,120,0,4.287700176239014,55.0
frame_0144,CENTER,5,300,0,7.3470001220703125,55.0
frame_0144,RIGHT,0,0,0,0.0,60.0
frame_0141,LEFT,2,120,0,4.039999961853027,55.0
frame_0141,CENTER,6,360,0,6.28380012512207,55.0
frame_0141,RIGHT,0,0,0,0.0,60.0
frame_0019,LEFT,6,360,0,13.893199920654297,45.0
frame_0019,CENTER,2,120,0,5.319499969482422,55.0
frame_0019,RIGHT,0,0,0,0.0,60.0
frame_0154,LEFT,3,180,0,8.835800170898438,55.0
frame_0154,CENTER,8,480,0,10.39430046081543,45.0
frame_0154,RIGHT,0,0,0,0.0,60.0
frame_0337,LEFT,5,300,0,13.309300422668457,45.0
frame_0337,CENTER,5,300,0,8.255000114440918,55.0
frame_0337,RIGHT,0,0,0,0.0,60.0
frame_0358,LEFT,4,240,0,9.901100158691406,55.0
frame_0358,CENTER,5,300,0,9.250200271606445,55.0
frame_0358,RIGHT,0,0,0,0.0,60.0
frame_0046,LEFT,6,360,0,15.179900169372559,45.0
frame_0046,CENTER,2,120,0,6.421199798583984,55.0
frame_0046,RIGHT,1,60,0,5.6529998779296875,55.0
frame_0289,LEFT,6,360,0,4.945199966430664,55.0
frame_0289,CENTER,6,360,0,10.451899528503418,45.0
frame_0289,RIGHT,0,0,0,0.0,60.0
frame_0271,LEFT,5,300,0,6.623499870300293,55.0
frame_0271,CENTER,6,360,0,6.265999794006348,55.0
frame_0271,RIGHT,0,0,0,0.0,60.0
frame_0369,LEFT,4,240,0,16.13559913635254,45.0
frame_0369,CENTER,4,240,0,4.875199794769287,55.0
frame_0369,RIGHT,0,0,0,0.0,60.0
frame_0034,LEFT,5,300,0,7.229700088500977,55.0
frame_0034,CENTER,2,120,0,5.700099945068359,55.0
frame_0034,RIGHT,1,60,0,4.251100063323975,55.0
frame_0361,LEFT,3,180,0,9.794599533081055,55.0
frame_0361,CENTER,5,300,0,7.916800022125244,55.0
frame_0361,RIGHT,0,0,0,0.0,60.0
frame_0211,LEFT,5,300,0,8.765299797058105,55.0
frame_0211,CENTER,6,360,0,3.0488998889923096,55.0
frame_0211,RIGHT,0,0,0,0.0,60.0
frame_0037,LEFT,5,300,0,8.377400398254395,55.0
frame_0037,CENTER,2,120,0,5.734899997711182,55.0
frame_0037,RIGHT,1,60,0,5.235899925231934,55.0
frame_0360,LEFT,3,180,0,9.285099983215332,55.0
frame_0360,CENTER,5,300,0,8.641400337219238,55.0
frame_0360,RIGHT,0,0,0,0.0,60.0
frame_0103,LEFT,3,180,0,10.481499671936035,45.0
frame_0103,CENTER,3,180,0,13.597200393676758,45.0
frame_0103,RIGHT,0,0,0,0.0,60.0
frame_0096,LEFT,3,180,0,6.485899925231934,55.0
frame_0096,CENTER,3,180,0,12.36240005493164,45.0
frame_0096,RIGHT,0,0,0,0.0,60.0
frame_0331,LEFT,5,300,0,10.068099975585938,45.0
frame_0331,CENTER,5,300,0,6.862400054931641,55.0
frame_0331,RIGHT,0,0,0,0.0,60.0
frame_0033,LEFT,5,300,0,6.671299934387207,55.0
frame_0033,CENTER,2,120,0,5.575399875640869,55.0
frame_0033,RIGHT,1,60,0,3.516900062561035,55.0
frame_0080,LEFT,2,120,0,2.529900074005127,55.0
frame_0080,CENTER,3,180,0,9.025300025939941,55.0
frame_0080,RIGHT,1,60,0,6.121300220489502,55.0
frame_0290,LEFT,5,300,0,2.3290998935699463,55.0
frame_0290,CENTER,6,360,0,10.93850040435791,45.0
frame_0290,RIGHT,0,0,0,0.0,60.0
frame_0082,LEFT,2,120,0,2.8187999725341797,55.0
frame_0082,CENTER,3,180,0,8.944000244140625,55.0
frame_0082,RIGHT,1,60,0,4.725599765777588,55.0
frame_0247,LEFT,5,300,0,6.170199871063232,55.0
frame_0247,CENTER,6,360,0,4.564300060272217,55.0
frame_0247,RIGHT,0,0,0,0.0,60.0
frame_0107,LEFT,3,180,0,15.970600128173828,45.0
frame_0107,CENTER,4,240,0,12.380399703979492,45.0
frame_0107,RIGHT,0,0,0,0.0,60.0
frame_0148,LEFT,3,180,0,5.931600093841553,55.0
frame_0148,CENTER,6,360,0,7.833899974822998,55.0
frame_0148,RIGHT,0,0,0,0.0,60.0
frame_0156,LEFT,3,180,0,10.239999771118164,45.0
frame_0156,CENTER,6,360,0,9.771300315856934,55.0
frame_0156,RIGHT,0,0,0,0.0,60.0
frame_0043,LEFT,5,300,0,12.580499649047852,45.0
frame_0043,CENTER,2,120,0,6.203000068664551,55.0
frame_0043,RIGHT,1,60,0,4.660900115966797,55.0
frame_0325,LEFT,5,300,0,6.620500087738037,55.0
frame_0325,CENTER,5,300,0,6.377399921417236,55.0
frame_0325,RIGHT,0,0,0,0.0,60.0
frame_0262,LEFT,6,360,0,12.744799613952637,45.0
frame_0262,CENTER,6,360,0,5.20389986038208,55.0
frame_0262,RIGHT,0,0,0,0.0,60.0
frame_0094,LEFT,3,180,0,5.8144001960754395,55.0
frame_0094,CENTER,3,180,0,11.39330005645752,45.0
frame_0094,RIGHT,0,0,0,0.0,60.0
frame_0108,LEFT,2,120,0,15.64680004119873,45.0
frame_0108,CENTER,4,240,0,12.213399887084961,45.0
frame_0108,RIGHT,0,0,0,0.0,60.0
frame_0007,LEFT,5,300,0,6.248899936676025,55.0
frame_0007,CENTER,3,180,0,5.630899906158447,55.0
frame_0007,RIGHT,0,0,0,0.0,60.0
frame_0300,LEFT,5,300,0,2.9200000762939453,55.0
frame_0300,CENTER,6,360,0,13.464599609375,45.0
frame_0300,RIGHT,0,0,0,0.0,60.0
frame_0184,LEFT,4,240,0,3.4240000247955322,55.0
frame_0184,CENTER,3,180,0,0.9894000291824341,55.0
frame_0184,RIGHT,0,0,0,0.0,60.0
frame_0165,LEFT,3,180,0,5.147799968719482,55.0
frame_0165,CENTER,7,420,0,8.625200271606445,55.0
frame_0165,RIGHT,0,0,0,0.0,60.0
frame_0195,LEFT,4,240,0,6.418000221252441,55.0
frame_0195,CENTER,3,180,0,1.2928999662399292,55.0
frame_0195,RIGHT,0,0,0,0.0,60.0
frame_0091,LEFT,3,180,0,4.598199844360352,55.0
frame_0091,CENTER,3,180,0,11.409500122070312,45.0
frame_0091,RIGHT,0,0,0,0.0,60.0
frame_0314,LEFT,4,240,0,3.79229998588562,55.0
frame_0314,CENTER,6,360,0,5.714799880981445,55.0
frame_0314,RIGHT,0,0,0,0.0,60.0
frame_0104,LEFT,3,180,0,11.642000198364258,45.0
frame_0104,CENTER,3,180,0,13.65410041809082,45.0
frame_0104,RIGHT,0,0,0,0.0,60.0
frame_0018,LEFT,6,360,0,12.7524995803833,45.0
frame_0018,CENTER,2,120,0,5.320099830627441,55.0
frame_0018,RIGHT,0,0,0,0.0,60.0
frame_0347,LEFT,6,360,1,25.57469940185547,35.0
frame_0347,CENTER,4,240,0,10.638299942016602,45.0
frame_0347,RIGHT,0,0,0,0.0,60.0
frame_0128,LEFT,5,300,0,2.1882998943328857,55.0
frame_0128,CENTER,3,180,0,4.332699775695801,55.0
frame_0128,RIGHT,0,0,0,0.0,60.0
frame_0315,LEFT,4,240,0,3.8248000144958496,55.0
frame_0315,CENTER,6,360,0,5.686299800872803,55.0
frame_0315,RIGHT,0,0,0,0.0,60.0
frame_0189,LEFT,4,240,0,4.51609992980957,55.0
frame_0189,CENTER,5,300,0,1.7239999771118164,55.0
frame_0189,RIGHT,0,0,0,0.0,60.0
frame_0042,LEFT,5,300,0,11.342700004577637,45.0
frame_0042,CENTER,2,120,0,6.116399765014648,55.0
frame_0042,RIGHT,1,60,0,4.584000110626221,55.0
frame_0216,LEFT,3,180,0,6.329899787902832,55.0
frame_0216,CENTER,5,300,0,2.928100109100342,55.0
frame_0216,RIGHT,0,0,0,0.0,60.0
frame_0287,LEFT,6,360,0,8.7923002243042,55.0
frame_0287,CENTER,6,360,0,10.079999923706055,45.0
frame_0287,RIGHT,0,0,0,0.0,60.0
frame_0308,LEFT,4,240,0,3.148699998855591,55.0
frame_0308,CENTER,7,420,0,9.466400146484375,55.0
frame_0308,RIGHT,0,0,0,0.0,60.0
frame_0093,LEFT,3,180,0,5.3282999992370605,55.0
frame_0093,CENTER,3,180,0,10.915200233459473,45.0
frame_0093,RIGHT,0,0,0,0.0,60.0
frame_0006,LEFT,5,300,0,5.6244001388549805,55.0
frame_0006,CENTER,3,180,0,5.6803998947143555,55.0
frame_0006,RIGHT,0,0,0,0.0,60.0
frame_0311,LEFT,4,240,0,3.2300000190734863,55.0
frame_0311,CENTER,6,360,0,5.4085001945495605,55.0
frame_0311,RIGHT,0,0,0,0.0,60.0
frame_0171,LEFT,3,180,0,1.5550999641418457,55.0
frame_0171,CENTER,6,360,0,6.156499862670898,55.0
frame_0171,RIGHT,0,0,0,0.0,60.0
frame_0123,LEFT,3,180,0,1.5994999408721924,55.0
frame_0123,CENTER,2,120,0,6.658999919891357,55.0
frame_0123,RIGHT,0,0,0,0.0,60.0
frame_0005,LEFT,6,360,0,5.855800151824951,55.0
frame_0005,CENTER,3,180,0,5.776800155639648,55.0
frame_0005,RIGHT,0,0,0,0.0,60.0
frame_0209,LEFT,5,300,0,12.077400207519531,45.0
frame_0209,CENTER,6,360,0,2.9960999488830566,55.0
frame_0209,RIGHT,0,0,0,0.0,60.0
frame_0153,LEFT,2,120,0,8.503800392150879,55.0
frame_0153,CENTER,6,360,0,9.775899887084961,55.0
frame_0153,RIGHT,0,0,0,0.0,60.0
frame_0292,LEFT,5,300,0,2.4948999881744385,55.0
frame_0292,CENTER,6,360,0,12.06659984588623,45.0
frame_0292,RIGHT,0,0,0,0.0,60.0
frame_0067,LEFT,4,240,0,15.70009994506836,45.0
frame_0067,CENTER,3,180,0,7.497200012207031,55.0
frame_0067,RIGHT,1,60,0,10.397700309753418,45.0
frame_0068,LEFT,4,240,0,16.041799545288086,45.0
frame_0068,CENTER,3,180,0,7.457300186157227,55.0
frame_0068,RIGHT,1,60,0,10.722000122070312,45.0
frame_0245,LEFT,5,300,0,5.240300178527832,55.0
frame_0245,CENTER,6,360,0,4.39169979095459,55.0
frame_0245,RIGHT,0,0,0,0.0,60.0
frame_0016,LEFT,6,360,0,10.959600448608398,45.0
frame_0016,CENTER,2,120,0,5.283699989318848,55.0
frame_0016,RIGHT,0,0,0,0.0,60.0
frame_0237,LEFT,6,360,0,3.454900026321411,55.0
frame_0237,CENTER,5,300,0,3.7123000621795654,55.0
frame_0237,RIGHT,0,0,0,0.0,60.0
frame_0250,LEFT,5,300,0,8.166600227355957,55.0
frame_0250,CENTER,6,360,0,4.623499870300293,55.0
frame_0250,RIGHT,0,0,0,0.0,60.0
frame_0319,LEFT,5,300,0,5.076600074768066,55.0
frame_0319,CENTER,5,300,0,5.485799789428711,55.0
frame_0319,RIGHT,0,0,0,0.0,60.0
frame_0282,LEFT,5,300,0,15.117799758911133,45.0
frame_0282,CENTER,6,360,0,8.048399925231934,55.0
frame_0282,RIGHT,0,0,0,0.0,60.0
frame_0098,LEFT,3,180,0,6.996500015258789,55.0
frame_0098,CENTER,3,180,0,12.74489974975586,45.0
frame_0098,RIGHT,0,0,0,0.0,60.0
frame_0049,LEFT,6,360,0,19.35610008239746,45.0
frame_0049,CENTER,2,120,0,6.488900184631348,55.0
frame_0049,RIGHT,1,60,0,6.548299789428711,55.0
frame_0155,LEFT,2,120,0,9.45199966430664,55.0
frame_0155,CENTER,6,360,0,9.756699562072754,55.0
frame_0155,RIGHT,0,0,0,0.0,60.0
frame_0253,LEFT,5,300,0,9.461400032043457,55.0
frame_0253,CENTER,7,420,0,5.156099796295166,55.0
frame_0253,RIGHT,0,0,0,0.0,60.0
frame_0329,LEFT,5,300,0,8.627400398254395,55.0
frame_0329,CENTER,5,300,0,6.682199954986572,55.0
frame_0329,RIGHT,0,0,0,0.0,60.0
frame_0151,LEFT,3,180,0,7.402400016784668,55.0
frame_0151,CENTER,5,300,0,9.099300384521484,55.0
frame_0151,RIGHT,0,0,0,0.0,60.0
frame_0246,LEFT,5,300,0,5.6203999519348145,55.0
frame_0246,CENTER,6,360,0,4.429200172424316,55.0
frame_0246,RIGHT,0,0,0,0.0,60.0
frame_0140,LEFT,2,120,0,3.761399984359741,55.0
frame_0140,CENTER,5,300,0,5.96120023727417,55.0
frame_0140,RIGHT,0,0,0,0.0,60.0
frame_0146,LEFT,3,180,0,5.2378997802734375,55.0
frame_0146,CENTER,6,360,0,8.170000076293945,55.0
frame_0146,RIGHT,0,0,0,0.0,60.0
frame_0143,LEFT,2,120,0,4.260499954223633,55.0
frame_0143,CENTER,5,300,0,7.231500148773193,55.0
frame_0143,RIGHT,0,0,0,0.0,60.0
frame_0102,LEFT,3,180,0,9.425700187683105,55.0
frame_0102,CENTER,3,180,0,13.6875,45.0
frame_0102,RIGHT,0,0,0,0.0,60.0
frame_0120,LEFT,3,180,0,0.9506999850273132,55.0
frame_0120,CENTER,5,300,0,9.083700180053711,55.0
frame_0120,RIGHT,0,0,0,0.0,60.0
frame_0320,LEFT,5,300,0,5.49399995803833,55.0
frame_0320,CENTER,5,300,0,5.621099948883057,55.0
frame_0320,RIGHT,0,0,0,0.0,60.0
frame_0206,LEFT,4,240,0,13.904500007629395,45.0
frame_0206,CENTER,5,300,0,2.3796000480651855,55.0
frame_0206,RIGHT,0,0,0,0.0,60.0
frame_0390,LEFT,4,240,0,12.041199684143066,45.0
frame_0390,CENTER,3,180,0,7.256400108337402,55.0
frame_0390,RIGHT,0,0,0,0.0,60.0
frame_0391,LEFT,4,240,0,10.382699966430664,45.0
frame_0391,CENTER,3,180,0,7.302599906921387,55.0
frame_0391,RIGHT,0,0,0,0.0,60.0
frame_0183,LEFT,3,180,0,3.207200050354004,55.0
frame_0183,CENTER,4,240,0,1.1333999633789062,55.0
frame_0183,RIGHT,0,0,0,0.0,60.0
frame_0012,LEFT,6,360,0,8.72700023651123,55.0
frame_0012,CENTER,2,120,0,5.211400032043457,55.0
frame_0012,RIGHT,0,0,0,0.0,60.0
frame_0202,LEFT,5,300,0,11.414199829101562,45.0
frame_0202,CENTER,5,300,0,2.1379001140594482,55.0
frame_0202,RIGHT,0,0,0,0.0,60.0
frame_0201,LEFT,5,300,0,10.635100364685059,45.0
frame_0201,CENTER,5,300,0,2.1166000366210938,55.0
frame_0201,RIGHT,0,0,0,0.0,60.0
frame_0023,LEFT,6,360,0,15.046600341796875,45.0
frame_0023,CENTER,2,120,0,5.510499954223633,55.0
frame_0023,RIGHT,0,0,0,0.0,60.0
frame_0099,LEFT,3,180,0,7.6402997970581055,55.0
frame_0099,CENTER,3,180,0,13.146599769592285,45.0
frame_0099,RIGHT,0,0,0,0.0,60.0
frame_0207,LEFT,5,300,0,14.159899711608887,45.0
frame_0207,CENTER,6,360,0,2.685800075531006,55.0
frame_0207,RIGHT,0,0,0,0.0,60.0
frame_0219,LEFT,3,180,0,8.236800193786621,55.0
frame_0219,CENTER,6,360,0,3.484100103378296,55.0
frame_0219,RIGHT,0,0,0,0.0,60.0
frame_0259,LEFT,6,360,0,16.8351993560791,45.0
frame_0259,CENTER,6,360,0,4.5142998695373535,55.0
frame_0259,RIGHT,0,0,0,0.0,60.0
frame_0089,LEFT,3,180,0,4.250899791717529,55.0
frame_0089,CENTER,3,180,0,11.062199592590332,45.0
frame_0089,RIGHT,0,0,0,0.0,60.0
frame_0351,LEFT,6,360,0,20.18939971923828,35.0
frame_0351,CENTER,4,240,0,10.900199890136719,45.0
frame_0351,RIGHT,0,0,0,0.0,60.0
frame_0048,LEFT,6,360,0,17.461700439453125,45.0
frame_0048,CENTER,2,120,0,6.4653000831604,55.0
frame_0048,RIGHT,1,60,0,5.868800163269043,55.0
frame_0258,LEFT,6,360,0,15.400699615478516,45.0
frame_0258,CENTER,6,360,0,4.517600059509277,55.0
frame_0258,RIGHT,0,0,0,0.0,60.0
frame_0349,LEFT,6,360,1,23.82900047302246,35.0
frame_0349,CENTER,4,240,0,11.231399536132812,45.0
frame_0349,RIGHT,0,0,0,0.0,60.0
frame_0251,LEFT,5,300,0,8.413700103759766,55.0
frame_0251,CENTER,7,420,0,4.878900051116943,55.0
frame_0251,RIGHT,0,0,0,0.0,60.0
frame_0085,LEFT,3,180,0,3.0295000076293945,55.0
frame_0085,CENTER,3,180,0,10.181900024414062,45.0
frame_0085,RIGHT,1,60,0,1.7740999460220337,55.0
frame_0087,LEFT,3,180,0,3.775399923324585,55.0
frame_0087,CENTER,3,180,0,10.722599983215332,45.0
frame_0087,RIGHT,0,0,0,0.0,60.0
frame_0167,LEFT,2,120,0,0.8381999731063843,55.0
frame_0167,CENTER,7,420,0,8.220399856567383,55.0
frame_0167,RIGHT,0,0,0,0.0,60.0
frame_0115,LEFT,2,120,0,2.1875,55.0
frame_0115,CENTER,5,300,0,10.922599792480469,45.0
frame_0115,RIGHT,0,0,0,0.0,60.0
frame_0324,LEFT,5,300,0,6.416800022125244,55.0
frame_0324,CENTER,5,300,0,6.371300220489502,55.0
frame_0324,RIGHT,0,0,0,0.0,60.0
frame_0328,LEFT,5,300,0,7.9019999504089355,55.0
frame_0328,CENTER,5,300,0,6.514800071716309,55.0
frame_0328,RIGHT,0,0,0,0.0,60.0
frame_0229,LEFT,6,360,0,11.671600341796875,45.0
frame_0229,CENTER,4,240,0,2.9279000759124756,55.0
frame_0229,RIGHT,0,0,0,0.0,60.0
frame_0004,LEFT,5,300,0,5.100200176239014,55.0
frame_0004,CENTER,3,180,0,5.857100009918213,55.0
frame_0004,RIGHT,0,0,0,0.0,60.0
frame_0238,LEFT,5,300,0,3.603600025177002,55.0
frame_0238,CENTER,5,300,0,3.759700059890747,55.0
frame_0238,RIGHT,0,0,0,0.0,60.0
frame_0009,LEFT,6,360,0,7.466400146484375,55.0
frame_0009,CENTER,2,120,0,5.098700046539307,55.0
frame_0009,RIGHT,0,0,0,0.0,60.0
frame_0232,LEFT,6,360,0,7.974100112915039,55.0
frame_0232,CENTER,4,240,0,3.1526999473571777,55.0
frame_0232,RIGHT,0,0,0,0.0,60.0
frame_0092,LEFT,4,240,0,5.144700050354004,55.0
frame_0092,CENTER,3,180,0,10.930299758911133,45.0
frame_0092,RIGHT,0,0,0,0.0,60.0
frame_0286,LEFT,6,360,0,10.384300231933594,45.0
frame_0286,CENTER,6,360,0,9.552399635314941,55.0
frame_0286,RIGHT,0,0,0,0.0,60.0
frame_0354,LEFT,5,300,0,13.104599952697754,45.0
frame_0354,CENTER,4,240,0,10.265199661254883,45.0
frame_0354,RIGHT,0,0,0,0.0,60.0
frame_0131,LEFT,4,240,0,2.226099967956543,55.0
frame_0131,CENTER,3,180,0,4.575500011444092,55.0
frame_0131,RIGHT,0,0,0,0.0,60.0
frame_0348,LEFT,6,360,1,24.370800018310547,35.0
frame_0348,CENTER,4,240,0,10.866299629211426,45.0
frame_0348,RIGHT,0,0,0,0.0,60.0
frame_0305,LEFT,4,240,0,2.9472999572753906,55.0
frame_0305,CENTER,7,420,0,10.649100303649902,45.0
frame_0305,RIGHT,0,0,0,0.0,60.0
frame_0198,LEFT,4,240,0,8.388999938964844,55.0
frame_0198,CENTER,4,240,0,1.7477999925613403,55.0
frame_0198,RIGHT,0,0,0,0.0,60.0
frame_0133,LEFT,4,240,0,2.7720000743865967,55.0
frame_0133,CENTER,4,240,0,5.16480016708374,55.0
frame_0133,RIGHT,0,0,0,0.0,60.0
frame_0083,LEFT,3,180,0,2.97979998588562,55.0
frame_0083,CENTER,3,180,0,9.140000343322754,55.0
frame_0083,RIGHT,1,60,0,3.875699996948242,55.0
frame_0394,LEFT,4,240,0,6.85830020904541,55.0
frame_0394,CENTER,3,180,0,8.391900062561035,55.0
frame_0394,RIGHT,0,0,0,0.0,60.0
frame_0185,LEFT,4,240,0,3.563999891281128,55.0
frame_0185,CENTER,3,180,0,1.0331000089645386,55.0
frame_0185,RIGHT,0,0,0,0.0,60.0
frame_0359,LEFT,4,240,0,9.267200469970703,55.0
frame_0359,CENTER,5,300,0,8.672599792480469,55.0
frame_0359,RIGHT,0,0,0,0.0,60.0
frame_0279,LEFT,5,300,0,12.598299980163574,45.0
frame_0279,CENTER,6,360,0,7.524799823760986,55.0
frame_0279,RIGHT,0,0,0,0.0,60.0
frame_0159,LEFT,2,120,0,12.725799560546875,45.0
frame_0159,CENTER,6,360,0,9.486200332641602,55.0
frame_0159,RIGHT,0,0,0,0.0,60.0
frame_0045,LEFT,5,300,0,13.768199920654297,45.0
frame_0045,CENTER,2,120,0,6.397900104522705,55.0
frame_0045,RIGHT,1,60,0,5.776000022888184,55.0
frame_0208,LEFT,5,300,0,12.892000198364258,45.0
frame_0208,CENTER,6,360,0,2.8482000827789307,55.0
frame_0208,RIGHT,0,0,0,0.0,60.0
frame_0316,LEFT,4,240,0,3.8910999298095703,55.0
frame_0316,CENTER,6,360,0,5.8460001945495605,55.0
frame_0316,RIGHT,0,0,0,0.0,60.0
frame_0256,LEFT,5,300,0,11.812000274658203,45.0
frame_0256,CENTER,7,420,0,5.23829984664917,55.0
frame_0256,RIGHT,0,0,0,0.0,60.0
frame_0116,LEFT,2,120,0,0.8794000148773193,55.0
frame_0116,CENTER,5,300,0,10.463600158691406,45.0
frame_0116,RIGHT,0,0,0,0.0,60.0
frame_0352,LEFT,6,360,0,17.726900100708008,45.0
frame_0352,CENTER,4,240,0,10.501399993896484,45.0
frame_0352,RIGHT,0,0,0,0.0,60.0
frame_0036,LEFT,4,240,0,7.84250020980835,55.0
frame_0036,CENTER,2,120,0,5.760700225830078,55.0
frame_0036,RIGHT,1,60,0,4.895699977874756,55.0
frame_0147,LEFT,3,180,0,5.576300144195557,55.0
frame_0147,CENTER,6,360,0,8.282600402832031,55.0
frame_0147,RIGHT,0,0,0,0.0,60.0
frame_0310,LEFT,4,240,0,3.2441000938415527,55.0
frame_0310,CENTER,7,420,0,7.092400074005127,55.0
frame_0310,RIGHT,0,0,0,0.0,60.0
frame_0088,LEFT,3,180,0,3.8422999382019043,55.0
frame_0088,CENTER,3,180,0,10.69159984588623,45.0
frame_0088,RIGHT,0,0,0,0.0,60.0
frame_0015,LEFT,6,360,0,10.219900131225586,45.0
frame_0015,CENTER,2,120,0,5.363500118255615,55.0
frame_0015,RIGHT,0,0,0,0.0,60.0
frame_0372,LEFT,4,240,0,20.392099380493164,35.0
frame_0372,CENTER,4,240,0,5.275400161743164,55.0
frame_0372,RIGHT,0,0,0,0.0,60.0
frame_0224,LEFT,4,240,0,11.239299774169922,45.0
frame_0224,CENTER,5,300,0,3.3387999534606934,55.0
frame_0224,RIGHT,0,0,0,0.0,60.0
frame_0199,LEFT,4,240,0,8.977499961853027,55.0
frame_0199,CENTER,4,240,0,1.9074000120162964,55.0
frame_0199,RIGHT,0,0,0,0.0,60.0
frame_0244,LEFT,5,300,0,5.227399826049805,55.0
frame_0244,CENTER,5,300,0,4.11460018157959,55.0
frame_0244,RIGHT,0,0,0,0.0,60.0
frame_0398,LEFT,3,180,0,3.6719000339508057,55.0
frame_0398,CENTER,3,180,0,9.860799789428711,55.0
frame_0398,RIGHT,0,0,0,0.0,60.0
frame_0106,LEFT,3,180,0,13.958399772644043,45.0
frame_0106,CENTER,3,180,0,12.42710018157959,45.0
frame_0106,RIGHT,0,0,0,0.0,60.0
frame_0322,LEFT,5,300,0,5.991199970245361,55.0
frame_0322,CENTER,5,300,0,5.860799789428711,55.0
frame_0322,RIGHT,0,0,0,0.0,60.0
frame_0119,LEFT,3,180,0,0.9696000218391418,55.0
frame_0119,CENTER,6,360,0,9.85789966583252,55.0
frame_0119,RIGHT,0,0,0,0.0,60.0
frame_0234,LEFT,6,360,0,2.7657999992370605,55.0
frame_0234,CENTER,5,300,0,3.391900062561035,55.0
frame_0234,RIGHT,0,0,0,0.0,60.0
frame_0001,LEFT,5,300,0,4.7058000564575195,55.0
frame_0001,CENTER,3,180,0,5.679500102996826,55.0
frame_0001,RIGHT,0,0,0,0.0,60.0
frame_0380,LEFT,4,240,0,16.152799606323242,45.0
frame_0380,CENTER,4,240,0,6.195000171661377,55.0
frame_0380,RIGHT,0,0,0,0.0,60.0
frame_0066,LEFT,4,240,0,14.890199661254883,45.0
frame_0066,CENTER,3,180,0,7.2804999351501465,55.0
frame_0066,RIGHT,1,60,0,9.888699531555176,55.0
frame_0273,LEFT,5,300,0,8.132499694824219,55.0
frame_0273,CENTER,6,360,0,6.563600063323975,55.0
frame_0273,RIGHT,0,0,0,0.0,60.0
frame_0270,LEFT,5,300,0,6.365499973297119,55.0
frame_0270,CENTER,6,360,0,6.048099994659424,55.0
frame_0270,RIGHT,0,0,0,0.0,60.0
frame_0075,LEFT,3,180,0,4.224999904632568,55.0
frame_0075,CENTER,3,180,0,7.776899814605713,55.0
frame_0075,RIGHT,1,60,0,10.749300003051758,45.0
frame_0254,LEFT,5,300,0,10.728599548339844,45.0
frame_0254,CENTER,8,480,0,5.439700126647949,55.0
frame_0254,RIGHT,0,0,0,0.0,60.0
frame_0336,LEFT,5,300,0,12.648900032043457,45.0
frame_0336,CENTER,5,300,0,8.024200439453125,55.0
frame_0336,RIGHT,0,0,0,0.0,60.0
frame_0340,LEFT,6,360,0,17.616300582885742,45.0
frame_0340,CENTER,4,240,0,8.071399688720703,55.0
frame_0340,RIGHT,0,0,0,0.0,60.0
frame_0205,LEFT,4,240,0,14.711999893188477,45.0
frame_0205,CENTER,5,300,0,2.29010009765625,55.0
frame_0205,RIGHT,0,0,0,0.0,60.0
frame_0079,LEFT,2,120,0,2.408400058746338,55.0
frame_0079,CENTER,3,180,0,9.031100273132324,55.0
frame_0079,RIGHT,1,60,0,6.849999904632568,55.0
frame_0332,LEFT,5,300,0,10.399800300598145,45.0
frame_0332,CENTER,5,300,0,7.027200222015381,55.0
frame_0332,RIGHT,0,0,0,0.0,60.0
frame_0334,LEFT,5,300,0,11.161499977111816,45.0
frame_0334,CENTER,5,300,0,7.680600166320801,55.0
frame_0334,RIGHT,0,0,0,0.0,60.0
frame_0341,LEFT,6,360,0,17.77989959716797,45.0
frame_0341,CENTER,4,240,0,8.045100212097168,55.0
frame_0341,RIGHT,0,0,0,0.0,60.0
frame_0283,LEFT,5,300,0,13.907500267028809,45.0
frame_0283,CENTER,6,360,0,8.314499855041504,55.0
frame_0283,RIGHT,0,0,0,0.0,60.0
frame_0355,LEFT,4,240,0,12.21399974822998,45.0
frame_0355,CENTER,5,300,0,10.116900444030762,45.0
frame_0355,RIGHT,0,0,0,0.0,60.0
frame_0281,LEFT,5,300,0,14.673100471496582,45.0
frame_0281,CENTER,6,360,0,7.898900032043457,55.0
frame_0281,RIGHT,0,0,0,0.0,60.0
frame_0306,LEFT,4,240,0,3.0787999629974365,55.0
frame_0306,CENTER,7,420,0,10.145400047302246,45.0
frame_0306,RIGHT,0,0,0,0.0,60.0
frame_0095,LEFT,3,180,0,5.8491997718811035,55.0
frame_0095,CENTER,4,240,0,12.616499900817871,45.0
frame_0095,RIGHT,0,0,0,0.0,60.0
frame_0051,LEFT,6,360,0,18.76059913635254,45.0
frame_0051,CENTER,2,120,0,6.332200050354004,55.0
frame_0051,RIGHT,1,60,0,6.377999782562256,55.0
frame_0124,LEFT,3,180,0,1.6734000444412231,55.0
frame_0124,CENTER,2,120,0,3.9958999156951904,55.0
frame_0124,RIGHT,0,0,0,0.0,60.0
frame_0333,LEFT,5,300,0,10.703800201416016,45.0
frame_0333,CENTER,5,300,0,7.49370002746582,55.0
frame_0333,RIGHT,0,0,0,0.0,60.0
frame_0366,LEFT,4,240,0,13.239399909973145,45.0
frame_0366,CENTER,4,240,0,4.578800201416016,55.0
frame_0366,RIGHT,0,0,0,0.0,60.0
frame_0122,LEFT,3,180,0,1.5331000089645386,55.0
frame_0122,CENTER,5,300,0,10.543000221252441,45.0
frame_0122,RIGHT,0,0,0,0.0,60.0
frame_0180,LEFT,2,120,0,2.1538000106811523,55.0
frame_0180,CENTER,5,300,0,1.395900011062622,55.0
frame_0180,RIGHT,0,0,0,0.0,60.0
frame_0056,LEFT,5,300,0,13.76159954071045,45.0
frame_0056,CENTER,3,180,0,6.682199954986572,55.0
frame_0056,RIGHT,1,60,0,7.043499946594238,55.0
frame_0362,LEFT,3,180,0,10.62909984588623,45.0
frame_0362,CENTER,4,240,0,4.269800186157227,55.0
frame_0362,RIGHT,0,0,0,0.0,60.0
frame_0302,LEFT,4,240,0,2.811500072479248,55.0
frame_0302,CENTER,7,420,0,11.826199531555176,45.0
frame_0302,RIGHT,0,0,0,0.0,60.0
frame_0267,LEFT,6,360,0,5.174099922180176,55.0
frame_0267,CENTER,6,360,0,5.532100200653076,55.0
frame_0267,RIGHT,0,0,0,0.0,60.0
frame_0278,LEFT,5,300,0,11.274499893188477,45.0
frame_0278,CENTER,6,360,0,7.410399913787842,55.0
frame_0278,RIGHT,0,0,0,0.0,60.0
frame_0050,LEFT,6,360,0,19.177600860595703,45.0
frame_0050,CENTER,2,120,0,6.407800197601318,55.0
frame_0050,RIGHT,1,60,0,6.704599857330322,55.0
frame_0248,LEFT,5,300,0,6.894700050354004,55.0
frame_0248,CENTER,6,360,0,4.6894001960754395,55.0
frame_0248,RIGHT,0,0,0,0.0,60.0
frame_0152,LEFT,3,180,0,7.702300071716309,55.0
frame_0152,CENTER,5,300,0,9.611499786376953,55.0
frame_0152,RIGHT,0,0,0,0.0,60.0
frame_0061,LEFT,3,180,0,9.812299728393555,55.0
frame_0061,CENTER,3,180,0,7.323200225830078,55.0
frame_0061,RIGHT,1,60,0,8.426400184631348,55.0
frame_0242,LEFT,5,300,0,4.581399917602539,55.0
frame_0242,CENTER,7,420,0,4.0493998527526855,55.0
frame_0242,RIGHT,0,0,0,0.0,60.0
frame_0129,LEFT,5,300,0,2.219599962234497,55.0
frame_0129,CENTER,3,180,0,4.407400131225586,55.0
frame_0129,RIGHT,0,0,0,0.0,60.0
frame_0114,LEFT,2,120,0,3.986999988555908,55.0
frame_0114,CENTER,6,360,0,10.968600273132324,45.0
frame_0114,RIGHT,0,0,0,0.0,60.0
frame_0241,LEFT,5,300,0,4.241700172424316,55.0
frame_0241,CENTER,6,360,0,3.888000011444092,55.0
frame_0241,RIGHT,0,0,0,0.0,60.0
frame_0174,LEFT,2,120,0,1.72160005569458,55.0
frame_0174,CENTER,6,360,0,6.341000080108643,55.0
frame_0174,RIGHT,0,0,0,0.0,60.0
frame_0097,LEFT,3,180,0,7.044400215148926,55.0
frame_0097,CENTER,3,180,0,12.598400115966797,45.0
frame_0097,RIGHT,0,0,0,0.0,60.0
frame_0382,LEFT,3,180,0,11.711199760437012,45.0
frame_0382,CENTER,4,240,0,6.455100059509277,55.0
frame_0382,RIGHT,0,0,0,0.0,60.0
frame_0317,LEFT,4,240,0,3.9212000370025635,55.0
frame_0317,CENTER,6,360,0,5.906700134277344,55.0
frame_0317,RIGHT,0,0,0,0.0,60.0
frame_0112,LEFT,2,120,0,7.388500213623047,55.0
frame_0112,CENTER,4,240,0,11.340999603271484,45.0
frame_0112,RIGHT,0,0,0,0.0,60.0
frame_0221,LEFT,3,180,0,8.818699836730957,55.0
frame_0221,CENTER,5,300,0,3.1507999897003174,55.0
frame_0221,RIGHT,0,0,0,0.0,60.0
frame_0168,LEFT,2,120,0,0.8389000296592712,55.0
frame_0168,CENTER,7,420,0,7.815800189971924,55.0
frame_0168,RIGHT,0,0,0,0.0,60.0
frame_0032,LEFT,5,300,0,6.564700126647949,55.0
frame_0032,CENTER,2,120,0,5.543300151824951,55.0
frame_0032,RIGHT,1,60,0,3.12719988822937,55.0
frame_0225,LEFT,5,300,0,12.959099769592285,45.0
frame_0225,CENTER,5,300,0,3.3777999877929688,55.0
frame_0225,RIGHT,0,0,0,0.0,60.0
frame_0003,LEFT,5,300,0,4.711100101470947,55.0
frame_0003,CENTER,3,180,0,5.983799934387207,55.0
frame_0003,RIGHT,0,0,0,0.0,60.0
frame_0277,LEFT,5,300,0,10.031200408935547,45.0
frame_0277,CENTER,6,360,0,7.4029998779296875,55.0
frame_0277,RIGHT,0,0,0,0.0,60.0
frame_0261,LEFT,6,360,0,13.593600273132324,45.0
frame_0261,CENTER,7,420,0,5.181700229644775,55.0
frame_0261,RIGHT,0,0,0,0.0,60.0
frame_0160,LEFT,3,180,0,11.21049976348877,45.0
frame_0160,CENTER,6,360,0,9.54580020904541,55.0
frame_0160,RIGHT,0,0,0,0.0,60.0
frame_0173,LEFT,2,120,0,1.6318000555038452,55.0
frame_0173,CENTER,5,300,0,4.866199970245361,55.0
frame_0173,RIGHT,0,0,0,0.0,60.0
frame_0203,LEFT,4,240,0,12.27929973602295,45.0
frame_0203,CENTER,5,300,0,2.2523000240325928,55.0
frame_0203,RIGHT,0,0,0,0.0,60.0
frame_0181,LEFT,2,120,0,2.3929998874664307,55.0
frame_0181,CENTER,5,300,0,1.430999994277954,55.0
frame_0181,RIGHT,0,0,0,0.0,60.0
frame_0044,LEFT,5,300,0,12.916799545288086,45.0
frame_0044,CENTER,2,120,0,6.273900032043457,55.0
frame_0044,RIGHT,1,60,0,5.597599983215332,55.0
frame_0383,LEFT,3,180,0,12.789799690246582,45.0
frame_0383,CENTER,4,240,0,6.653500080108643,55.0
frame_0383,RIGHT,0,0,0,0.0,60.0
frame_0288,LEFT,6,360,0,7.498899936676025,55.0
frame_0288,CENTER,6,360,0,10.25879955291748,45.0
frame_0288,RIGHT,0,0,0,0.0,60.0
frame_0393,LEFT,4,240,0,8.222800254821777,55.0
frame_0393,CENTER,3,180,0,7.7027997970581055,55.0
frame_0393,RIGHT,0,0,0,0.0,60.0
frame_0233,LEFT,5,300,0,5.972300052642822,55.0
frame_0233,CENTER,6,360,0,3.4175000190734863,55.0
frame_0233,RIGHT,0,0,0,0.0,60.0
frame_0257,LEFT,6,360,0,14.565600395202637,45.0
frame_0257,CENTER,6,360,0,4.444300174713135,55.0
frame_0257,RIGHT,0,0,0,0.0,60.0
frame_0053,LEFT,5,300,0,18.042499542236328,45.0
frame_0053,CENTER,3,180,0,6.556600093841553,55.0
frame_0053,RIGHT,1,60,0,7.0609002113342285,55.0
frame_0172,LEFT,2,120,0,1.6095000505447388,55.0
frame_0172,CENTER,6,360,0,5.882599830627441,55.0
frame_0172,RIGHT,0,0,0,0.0,60.0
frame_0303,LEFT,4,240,0,2.873199939727783,55.0
frame_0303,CENTER,7,420,0,11.320699691772461,45.0
frame_0303,RIGHT,0,0,0,0.0,60.0
frame_0113,LEFT,2,120,0,5.3267998695373535,55.0
frame_0113,CENTER,5,300,0,10.984000205993652,45.0
frame_0113,RIGHT,0,0,0,0.0,60.0
frame_0110,LEFT,2,120,0,11.632100105285645,45.0
frame_0110,CENTER,5,300,0,12.065600395202637,45.0
frame_0110,RIGHT,0,0,0,0.0,60.0
frame_0395,LEFT,4,240,0,5.87470006942749,55.0
frame_0395,CENTER,3,180,0,8.47249984741211,55.0
frame_0395,RIGHT,0,0,0,0.0,60.0
frame_0365,LEFT,4,240,0,12.569100379943848,45.0
frame_0365,CENTER,4,240,0,4.4197001457214355,55.0
frame_0365,RIGHT,0,0,0,0.0,60.0
frame_0236,LEFT,5,300,0,3.2090001106262207,55.0
frame_0236,CENTER,4,240,0,3.4521000385284424,55.0
frame_0236,RIGHT,0,0,0,0.0,60.0
frame_0134,LEFT,4,240,0,2.6949000358581543,55.0
frame_0134,CENTER,3,180,0,5.008999824523926,55.0
frame_0134,RIGHT,0,0,0,0.0,60.0
frame_0312,LEFT,4,240,0,3.4756999015808105,55.0
frame_0312,CENTER,6,360,0,5.620800018310547,55.0
frame_0312,RIGHT,0,0,0,0.0,60.0
frame_0187,LEFT,4,240,0,3.9993999004364014,55.0
frame_0187,CENTER,4,240,0,1.319599986076355,55.0
frame_0187,RIGHT,0,0,0,0.0,60.0
frame_0076,LEFT,3,180,0,2.988100051879883,55.0
frame_0076,CENTER,3,180,0,8.001700401306152,55.0
frame_0076,RIGHT,1,60,0,9.62559986114502,55.0
frame_0084,LEFT,2,120,0,2.8833000659942627,55.0
frame_0084,CENTER,4,240,0,9.787099838256836,55.0
frame_0084,RIGHT,1,60,0,2.9858999252319336,55.0
frame_0249,LEFT,5,300,0,7.758299827575684,55.0
frame_0249,CENTER,6,360,0,4.591400146484375,55.0
frame_0249,RIGHT,0,0,0,0.0,60.0
frame_0193,LEFT,4,240,0,5.52400016784668,55.0
frame_0193,CENTER,3,180,0,1.3665000200271606,55.0
frame_0193,RIGHT,0,0,0,0.0,60.0
frame_0294,LEFT,5,300,0,2.5869998931884766,55.0
frame_0294,CENTER,6,360,0,12.925000190734863,45.0
frame_0294,RIGHT,0,0,0,0.0,60.0
frame_0367,LEFT,4,240,0,14.284700393676758,45.0
frame_0367,CENTER,4,240,0,4.628799915313721,55.0
frame_0367,RIGHT,0,0,0,0.0,60.0
frame_0197,LEFT,4,240,0,7.546199798583984,55.0
frame_0197,CENTER,4,240,0,1.7776999473571777,55.0
frame_0197,RIGHT,0,0,0,0.0,60.0
frame_0077,LEFT,2,120,0,2.2757999897003174,55.0
frame_0077,CENTER,3,180,0,8.17590045928955,55.0
frame_0077,RIGHT,1,60,0,8.982500076293945,55.0
frame_0157,LEFT,2,120,0,11.531100273132324,45.0
frame_0157,CENTER,6,360,0,9.383899688720703,55.0
frame_0157,RIGHT,0,0,0,0.0,60.0
frame_0371,LEFT,4,240,0,18.74410057067871,45.0
frame_0371,CENTER,4,240,0,4.923799991607666,55.0
frame_0371,RIGHT,0,0,0,0.0,60.0
frame_0260,LEFT,6,360,0,14.605799674987793,45.0
frame_0260,CENTER,6,360,0,4.815199851989746,55.0
frame_0260,RIGHT,0,0,0,0.0,60.0
frame_0220,LEFT,3,180,0,8.052000045776367,55.0
frame_0220,CENTER,6,360,0,3.575000047683716,55.0
frame_0220,RIGHT,0,0,0,0.0,60.0
frame_0269,LEFT,4,240,0,5.360099792480469,55.0
frame_0269,CENTER,6,360,0,5.93310022354126,55.0
frame_0269,RIGHT,0,0,0,0.0,60.0
frame_0304,LEFT,4,240,0,2.918800115585327,55.0
frame_0304,CENTER,7,420,0,10.90530014038086,45.0
frame_0304,RIGHT,0,0,0,0.0,60.0
frame_0062,LEFT,4,240,0,10.626700401306152,45.0
frame_0062,CENTER,3,180,0,7.468800067901611,55.0
frame_0062,RIGHT,1,60,0,8.396499633789062,55.0
frame_0327,LEFT,5,300,0,7.738500118255615,55.0
frame_0327,CENTER,5,300,0,6.428699970245361,55.0
frame_0327,RIGHT,0,0,0,0.0,60.0
frame_0231,LEFT,7,420,0,9.137700080871582,55.0
frame_0231,CENTER,4,240,0,2.9677999019622803,55.0
frame_0231,RIGHT,0,0,0,0.0,60.0
frame_0370,LEFT,4,240,0,17.53660011291504,45.0
frame_0370,CENTER,4,240,0,4.909900188446045,55.0
frame_0370,RIGHT,0,0,0,0.0,60.0
frame_0039,LEFT,5,300,0,9.357999801635742,55.0
frame_0039,CENTER,2,120,0,6.0218000411987305,55.0
frame_0039,RIGHT,1,60,0,6.02869987487793,55.0
frame_0379,LEFT,4,240,0,16.7185001373291,45.0
frame_0379,CENTER,4,240,0,5.9664998054504395,55.0
frame_0379,RIGHT,0,0,0,0.0,60.0
frame_0164,LEFT,3,180,0,6.819699764251709,55.0
frame_0164,CENTER,7,420,0,9.660699844360352,55.0
frame_0164,RIGHT,0,0,0,0.0,60.0
frame_0280,LEFT,5,300,0,13.449199676513672,45.0
frame_0280,CENTER,6,360,0,8.128199577331543,55.0
frame_0280,RIGHT,0,0,0,0.0,60.0
frame_0252,LEFT,5,300,0,8.4350004196167,55.0
frame_0252,CENTER,7,420,0,5.120800018310547,55.0
frame_0252,RIGHT,0,0,0,0.0,60.0
frame_0008,LEFT,6,360,0,6.771299839019775,55.0
frame_0008,CENTER,2,120,0,5.005300045013428,55.0
frame_0008,RIGHT,0,0,0,0.0,60.0
frame_0295,LEFT,5,300,0,2.635999917984009,55.0
frame_0295,CENTER,6,360,0,13.109000205993652,45.0
frame_0295,RIGHT,0,0,0,0.0,60.0
frame_0069,LEFT,4,240,0,15.487799644470215,45.0
frame_0069,CENTER,3,180,0,7.6269001960754395,55.0
frame_0069,RIGHT,1,60,0,11.157999992370605,45.0
frame_0385,LEFT,4,240,0,15.387900352478027,45.0
frame_0385,CENTER,3,180,0,6.219900131225586,55.0
frame_0385,RIGHT,0,0,0,0.0,60.0
frame_0014,LEFT,6,360,0,9.987600326538086,55.0
frame_0014,CENTER,2,120,0,5.396200180053711,55.0
frame_0014,RIGHT,0,0,0,0.0,60.0
frame_0388,LEFT,4,240,0,14.661499977111816,45.0
frame_0388,CENTER,3,180,0,6.72730016708374,55.0
frame_0388,RIGHT,0,0,0,0.0,60.0
frame_0011,LEFT,6,360,0,8.130599975585938,55.0
frame_0011,CENTER,2,120,0,5.227799892425537,55.0
frame_0011,RIGHT,0,0,0,0.0,60.0
frame_0169,LEFT,2,120,0,0.8324999809265137,55.0
frame_0169,CENTER,7,420,0,7.667900085449219,55.0
frame_0169,RIGHT,0,0,0,0.0,60.0
frame_0118,LEFT,3,180,0,0.9718999862670898,55.0
frame_0118,CENTER,6,360,0,9.863699913024902,55.0
frame_0118,RIGHT,0,0,0,0.0,60.0
frame_0057,LEFT,4,240,0,12.869500160217285,45.0
frame_0057,CENTER,3,180,0,6.8495001792907715,55.0
frame_0057,RIGHT,1,60,0,7.532700061798096,55.0
frame_0213,LEFT,4,240,0,5.261499881744385,55.0
frame_0213,CENTER,5,300,0,2.702899932861328,55.0
frame_0213,RIGHT,0,0,0,0.0,60.0
frame_0158,LEFT,2,120,0,11.520899772644043,45.0
frame_0158,CENTER,6,360,0,9.484999656677246,55.0
frame_0158,RIGHT,0,0,0,0.0,60.0
frame_0002,LEFT,5,300,0,4.613699913024902,55.0
frame_0002,CENTER,3,180,0,5.676400184631348,55.0
frame_0002,RIGHT,0,0,0,0.0,60.0
frame_0265,LEFT,7,420,0,9.333900451660156,55.0
frame_0265,CENTER,6,360,0,5.397600173950195,55.0
frame_0265,RIGHT,0,0,0,0.0,60.0
frame_0194,LEFT,5,300,0,6.389900207519531,55.0
frame_0194,CENTER,3,180,0,1.440600037574768,55.0
frame_0194,RIGHT,0,0,0,0.0,60.0
frame_0353,LEFT,5,300,0,13.785599708557129,45.0
frame_0353,CENTER,4,240,0,10.254300117492676,45.0
frame_0353,RIGHT,0,0,0,0.0,60.0
frame_0142,LEFT,2,120,0,4.062300205230713,55.0
frame_0142,CENTER,5,300,0,6.935999870300293,55.0
frame_0142,RIGHT,0,0,0,0.0,60.0
frame_0086,LEFT,3,180,0,3.6738998889923096,55.0
frame_0086,CENTER,3,180,0,10.384200096130371,45.0
frame_0086,RIGHT,0,0,0,0.0,60.0
frame_0136,LEFT,3,180,0,2.935699939727783,55.0
frame_0136,CENTER,4,240,0,5.342800140380859,55.0
frame_0136,RIGHT,0,0,0,0.0,60.0
frame_0038,LEFT,5,300,0,8.894000053405762,55.0
frame_0038,CENTER,2,120,0,5.717199802398682,55.0
frame_0038,RIGHT,1,60,0,6.203499794006348,55.0
frame_0218,LEFT,3,180,0,7.394700050354004,55.0
frame_0218,CENTER,5,300,0,3.009500026702881,55.0
frame_0218,RIGHT,0,0,0,0.0,60.0
frame_0345,LEFT,6,360,1,24.776500701904297,35.0
frame_0345,CENTER,4,240,0,9.74370002746582,55.0
frame_0345,RIGHT,0,0,0,0.0,60.0
frame_0268,LEFT,5,300,0,5.31790018081665,55.0
frame_0268,CENTER,6,360,0,5.674099922180176,55.0
frame_0268,RIGHT,0,0,0,0.0,60.0
frame_0381,LEFT,4,240,0,14.765800476074219,45.0
frame_0381,CENTER,4,240,0,6.354499816894531,55.0
frame_0381,RIGHT,0,0,0,0.0,60.0
frame_0276,LEFT,5,300,0,10.41510009765625,45.0
frame_0276,CENTER,6,360,0,7.27239990234375,55.0
frame_0276,RIGHT,0,0,0,0.0,60.0
frame_0188,LEFT,4,240,0,4.263700008392334,55.0
frame_0188,CENTER,5,300,0,1.7833000421524048,55.0
frame_0188,RIGHT,0,0,0,0.0,60.0
frame_0176,LEFT,2,120,0,1.8257999420166016,55.0
frame_0176,CENTER,4,240,0,0.968500018119812,55.0
frame_0176,RIGHT,0,0,0,0.0,60.0
frame_0130,LEFT,4,240,0,2.2648000717163086,55.0
frame_0130,CENTER,3,180,0,4.4567999839782715,55.0
frame_0130,RIGHT,0,0,0,0.0,60.0
frame_0301,LEFT,5,300,0,2.9672000408172607,55.0
frame_0301,CENTER,6,360,0,12.5556001663208,45.0
frame_0301,RIGHT,0,0,0,0.0,60.0
frame_0226,LEFT,5,300,0,13.916899681091309,45.0
frame_0226,CENTER,5,300,0,3.5583999156951904,55.0
frame_0226,RIGHT,0,0,0,0.0,60.0
frame_0138,LEFT,2,120,0,3.1612000465393066,55.0
frame_0138,CENTER,7,420,0,6.060100078582764,55.0
frame_0138,RIGHT,0,0,0,0.0,60.0
frame_0027,LEFT,6,360,0,9.843500137329102,55.0
frame_0027,CENTER,2,120,0,5.796000003814697,55.0
frame_0027,RIGHT,0,0,0,0.0,60.0
frame_0111,LEFT,2,120,0,9.535699844360352,55.0
frame_0111,CENTER,5,300,0,11.825900077819824,45.0
frame_0111,RIGHT,0,0,0,0.0,60.0
frame_0264,LEFT,6,360,0,10.029600143432617,45.0
frame_0264,CENTER,6,360,0,5.45359992980957,55.0
frame_0264,RIGHT,0,0,0,0.0,60.0
frame_0081,LEFT,2,120,0,2.626199960708618,55.0
frame_0081,CENTER,3,180,0,8.945300102233887,55.0
frame_0081,RIGHT,1,60,0,5.638299942016602,55.0
frame_0375,LEFT,4,240,0,20.800500869750977,35.0
frame_0375,CENTER,4,240,0,5.486999988555908,55.0
frame_0375,RIGHT,0,0,0,0.0,60.0
frame_0101,LEFT,3,180,0,9.163299560546875,55.0
frame_0101,CENTER,3,180,0,13.668899536132812,45.0
frame_0101,RIGHT,0,0,0,0.0,60.0
frame_0373,LEFT,4,240,0,20.409500122070312,35.0
frame_0373,CENTER,4,240,0,5.197800159454346,55.0
frame_0373,RIGHT,0,0,0,0.0,60.0
frame_0017,LEFT,6,360,0,11.595199584960938,45.0
frame_0017,CENTER,2,120,0,5.283699989318848,55.0
frame_0017,RIGHT,0,0,0,0.0,60.0
frame_0059,LEFT,3,180,0,8.923500061035156,55.0
frame_0059,CENTER,3,180,0,7.246799945831299,55.0
frame_0059,RIGHT,1,60,0,8.285599708557129,55.0
frame_0212,LEFT,5,300,0,6.980000019073486,55.0
frame_0212,CENTER,5,300,0,2.757200002670288,55.0
frame_0212,RIGHT,0,0,0,0.0,60.0
frame_0228,LEFT,6,360,0,13.595399856567383,45.0
frame_0228,CENTER,4,240,0,2.8296000957489014,55.0
frame_0228,RIGHT,0,0,0,0.0,60.0
frame_0272,LEFT,5,300,0,7.229000091552734,55.0
frame_0272,CENTER,6,360,0,6.490799903869629,55.0
frame_0272,RIGHT,0,0,0,0.0,60.0
frame_0235,LEFT,5,300,0,2.830699920654297,55.0
frame_0235,CENTER,4,240,0,3.400899887084961,55.0
frame_0235,RIGHT,0,0,0,0.0,60.0
frame_0377,LEFT,4,240,0,18.73900032043457,45.0
frame_0377,CENTER,4,240,0,5.943399906158447,55.0
frame_0377,RIGHT,0,0,0,0.0,60.0
frame_0266,LEFT,7,420,0,7.557700157165527,55.0
frame_0266,CENTER,6,360,0,5.394800186157227,55.0
frame_0266,RIGHT,0,0,0,0.0,60.0
frame_0105,LEFT,3,180,0,12.569999694824219,45.0
frame_0105,CENTER,3,180,0,13.708999633789062,45.0
frame_0105,RIGHT,0,0,0,0.0,60.0
frame_0117,LEFT,3,180,0,0.9660000205039978,55.0
frame_0117,CENTER,6,360,0,10.183600425720215,45.0
frame_0117,RIGHT,0,0,0,0.0,60.0
frame_0338,LEFT,5,300,0,14.350000381469727,45.0
frame_0338,CENTER,5,300,0,8.366499900817871,55.0
frame_0338,RIGHT,0,0,0,0.0,60.0
frame_0186,LEFT,4,240,0,3.6837000846862793,55.0
frame_0186,CENTER,4,240,0,1.2419999837875366,55.0
frame_0186,RIGHT,0,0,0,0.0,60.0
frame_0127,LEFT,3,180,0,1.8858000040054321,55.0
frame_0127,CENTER,3,180,0,4.3333001136779785,55.0
frame_0127,RIGHT,0,0,0,0.0,60.0
frame_0126,LEFT,3,180,0,1.779099941253662,55.0
frame_0126,CENTER,3,180,0,4.180500030517578,55.0
frame_0126,RIGHT,0,0,0,0.0,60.0
frame_0378,LEFT,4,240,0,17.79129981994629,45.0
frame_0378,CENTER,4,240,0,5.862500190734863,55.0
frame_0378,RIGHT,0,0,0,0.0,60.0
frame_0297,LEFT,5,300,0,2.609499931335449,55.0
frame_0297,CENTER,6,360,0,13.031800270080566,45.0
frame_0297,RIGHT,0,0,0,0.0,60.0
frame_0356,LEFT,4,240,0,11.149299621582031,45.0
frame_0356,CENTER,5,300,0,9.704000473022461,55.0
frame_0356,RIGHT,0,0,0,0.0,60.0
frame_0196,LEFT,5,300,0,7.636000156402588,55.0
frame_0196,CENTER,5,300,0,1.9571000337600708,55.0
frame_0196,RIGHT,0,0,0,0.0,60.0
frame_0285,LEFT,6,360,0,12.522299766540527,45.0
frame_0285,CENTER,6,360,0,8.974300384521484,55.0
frame_0285,RIGHT,0,0,0,0.0,60.0
frame_0284,LEFT,6,360,0,12.946499824523926,45.0
frame_0284,CENTER,6,360,0,8.666000366210938,55.0
frame_0284,RIGHT,0,0,0,0.0,60.0
frame_0298,LEFT,5,300,0,2.625699996948242,55.0
frame_0298,CENTER,6,360,0,12.969200134277344,45.0
frame_0298,RIGHT,0,0,0,0.0,60.0
frame_0275,LEFT,5,300,0,8.764399528503418,55.0
frame_0275,CENTER,6,360,0,6.957099914550781,55.0
frame_0275,RIGHT,0,0,0,0.0,60.0
frame_0070,LEFT,3,180,0,13.439599990844727,45.0
frame_0070,CENTER,3,180,0,7.686299800872803,55.0
frame_0070,RIGHT,1,60,0,11.878100395202637,45.0
frame_0028,LEFT,6,360,0,8.697999954223633,55.0
frame_0028,CENTER,2,120,0,5.734499931335449,55.0
frame_0028,RIGHT,0,0,0,0.0,60.0
frame_0230,LEFT,6,360,0,10.858599662780762,45.0
frame_0230,CENTER,4,240,0,2.998300075531006,55.0
frame_0230,RIGHT,0,0,0,0.0,60.0
frame_0214,LEFT,4,240,0,5.744200229644775,55.0
frame_0214,CENTER,5,300,0,2.813499927520752,55.0
frame_0214,RIGHT,0,0,0,0.0,60.0
frame_0240,LEFT,5,300,0,3.9310998916625977,55.0
frame_0240,CENTER,5,300,0,3.6215999126434326,55.0
frame_0240,RIGHT,0,0,0,0.0,60.0
frame_0222,LEFT,3,180,0,10.342000007629395,45.0
frame_0222,CENTER,5,300,0,3.2156999111175537,55.0
frame_0222,RIGHT,0,0,0,0.0,60.0
frame_0368,LEFT,4,240,0,15.598699569702148,45.0
frame_0368,CENTER,4,240,0,4.791399955749512,55.0
frame_0368,RIGHT,0,0,0,0.0,60.0
frame_0296,LEFT,5,300,0,2.5483999252319336,55.0
frame_0296,CENTER,6,360,0,12.739999771118164,45.0
frame_0296,RIGHT,0,0,0,0.0,60.0
frame_0125,LEFT,2,120,0,1.6014000177383423,55.0
frame_0125,CENTER,3,180,0,4.153500080108643,55.0
frame_0125,RIGHT,0,0,0,0.0,60.0
frame_0170,LEFT,2,120,0,1.384600043296814,55.0
frame_0170,CENTER,7,420,0,6.69350004196167,55.0
frame_0170,RIGHT,0,0,0,0.0,60.0
frame_0137,LEFT,2,120,0,3.0339999198913574,55.0
frame_0137,CENTER,5,300,0,5.549900054931641,55.0
frame_0137,RIGHT,0,0,0,0.0,60.0
frame_0035,LEFT,5,300,0,7.725599765777588,55.0
frame_0035,CENTER,2,120,0,5.770299911499023,55.0
frame_0035,RIGHT,1,60,0,4.656300067901611,55.0
frame_0065,LEFT,4,240,0,13.068400382995605,45.0
frame_0065,CENTER,3,180,0,7.442200183868408,55.0
frame_0065,RIGHT,1,60,0,9.608699798583984,55.0
frame_0389,LEFT,4,240,0,12.69159984588623,45.0
frame_0389,CENTER,3,180,0,6.855400085449219,55.0
frame_0389,RIGHT,0,0,0,0.0,60.0
frame_0243,LEFT,5,300,0,5.177199840545654,55.0
frame_0243,CENTER,5,300,0,3.9928998947143555,55.0
frame_0243,RIGHT,0,0,0,0.0,60.0
frame_0255,LEFT,5,300,0,11.097100257873535,45.0
frame_0255,CENTER,7,420,0,5.20419979095459,55.0
frame_0255,RIGHT,0,0,0,0.0,60.0
frame_0031,LEFT,5,300,0,6.1371002197265625,55.0
frame_0031,CENTER,2,120,0,5.578199863433838,55.0
frame_0031,RIGHT,1,60,0,2.789799928665161,55.0
frame_0274,LEFT,5,300,0,8.506099700927734,55.0
frame_0274,CENTER,6,360,0,6.829100131988525,55.0
frame_0274,RIGHT,0,0,0,0.0,60.0
frame_0063,LEFT,4,240,0,11.395700454711914,45.0
frame_0063,CENTER,3,180,0,7.478799819946289,55.0
frame_0063,RIGHT,1,60,0,9.677900314331055,55.0
frame_0074,LEFT,3,180,0,5.374000072479248,55.0
frame_0074,CENTER,3,180,0,7.623199939727783,55.0
frame_0074,RIGHT,1,60,0,11.52340030670166,45.0
frame_0064,LEFT,4,240,0,12.080499649047852,45.0
frame_0064,CENTER,3,180,0,7.478899955749512,55.0
frame_0064,RIGHT,1,60,0,9.302599906921387,55.0
frame_0022,LEFT,6,360,0,15.29520034790039,45.0
frame_0022,CENTER,2,120,0,5.471799850463867,55.0
frame_0022,RIGHT,0,0,0,0.0,60.0
frame_0227,LEFT,6,360,0,14.125100135803223,45.0
frame_0227,CENTER,4,240,0,2.8712000846862793,55.0
frame_0227,RIGHT,0,0,0,0.0,60.0
frame_0175,LEFT,2,120,0,1.7568000555038452,55.0
frame_0175,CENTER,4,240,0,0.9009000062942505,55.0
frame_0175,RIGHT,0,0,0,0.0,60.0
frame_0342,LEFT,6,360,0,18.83679962158203,45.0
frame_0342,CENTER,4,240,0,9.001099586486816,55.0
frame_0342,RIGHT,0,0,0,0.0,60.0
frame_0145,LEFT,2,120,0,4.536200046539307,55.0
frame_0145,CENTER,6,360,0,7.590700149536133,55.0
frame_0145,RIGHT,0,0,0,0.0,60.0
frame_0396,LEFT,5,300,0,5.4141998291015625,55.0
frame_0396,CENTER,3,180,0,9.542699813842773,55.0
frame_0396,RIGHT,0,0,0,0.0,60.0
frame_0139,LEFT,2,120,0,3.330899953842163,55.0
frame_0139,CENTER,6,360,0,6.059000015258789,55.0
frame_0139,RIGHT,0,0,0,0.0,60.0
frame_0163,LEFT,3,180,0,7.86870002746582,55.0
frame_0163,CENTER,7,420,0,9.98639965057373,55.0
frame_0163,RIGHT,0,0,0,0.0,60.0
frame_0020,LEFT,6,360,0,14.518500328063965,45.0
frame_0020,CENTER,2,120,0,5.347899913787842,55.0
frame_0020,RIGHT,0,0,0,0.0,60.0
frame_0346,LEFT,6,360,1,24.957199096679688,35.0
frame_0346,CENTER,4,240,0,9.918000221252441,55.0
frame_0346,RIGHT,0,0,0,0.0,60.0
frame_0178,LEFT,2,120,0,1.8436000347137451,55.0
frame_0178,CENTER,4,240,0,0.9685999751091003,55.0
frame_0178,RIGHT,0,0,0,0.0,60.0
frame_0021,LEFT,5,300,0,15.460000038146973,45.0
frame_0021,CENTER,2,120,0,5.423399925231934,55.0
frame_0021,RIGHT,0,0,0,0.0,60.0
frame_0010,LEFT,6,360,0,7.654300212860107,55.0
frame_0010,CENTER,2,120,0,5.144800186157227,55.0
frame_0010,RIGHT,0,0,0,0.0,60.0
frame_0132,LEFT,4,240,0,2.5139999389648438,55.0
frame_0132,CENTER,3,180,0,4.934500217437744,55.0
frame_0132,RIGHT,0,0,0,0.0,60.0
frame_0025,LEFT,5,300,0,12.194299697875977,45.0
frame_0025,CENTER,2,120,0,5.826399803161621,55.0
frame_0025,RIGHT,0,0,0,0.0,60.0
frame_0149,LEFT,3,180,0,6.579599857330322,55.0
frame_0149,CENTER,6,360,0,8.832099914550781,55.0
frame_0149,RIGHT,0,0,0,0.0,60.0
frame_0387,LEFT,4,240,0,16.005800247192383,45.0
frame_0387,CENTER,4,240,0,6.851399898529053,55.0
frame_0387,RIGHT,0,0,0,0.0,60.0
frame_0071,LEFT,3,180,0,11.168899536132812,45.0
frame_0071,CENTER,3,180,0,7.926599979400635,55.0
frame_0071,RIGHT,1,60,0,12.907600402832031,45.0
frame_0109,LEFT,2,120,0,13.413200378417969,45.0
frame_0109,CENTER,5,300,0,12.139900207519531,45.0
frame_0109,RIGHT,0,0,0,0.0,60.0
frame_0326,LEFT,5,300,0,7.237800121307373,55.0
frame_0326,CENTER,5,300,0,6.347499847412109,55.0
frame_0326,RIGHT,0,0,0,0.0,60.0
frame_0293,LEFT,5,300,0,2.5129001140594482,55.0
frame_0293,CENTER,6,360,0,11.608699798583984,45.0
frame_0293,RIGHT,0,0,0,0.0,60.0
frame_0339,LEFT,5,300,0,14.667400360107422,45.0
frame_0339,CENTER,5,300,0,8.839799880981445,55.0
frame_0339,RIGHT,0,0,0,0.0,60.0
frame_0040,LEFT,5,300,0,10.01729965209961,45.0
frame_0040,CENTER,2,120,0,5.997900009155273,55.0
frame_0040,RIGHT,2,120,0,9.29170036315918,55.0
frame_0182,LEFT,3,180,0,2.8180999755859375,55.0
frame_0182,CENTER,5,300,0,1.419600009918213,55.0
frame_0182,RIGHT,0,0,0,0.0,60.0
frame_0374,LEFT,4,240,0,21.400999069213867,35.0
frame_0374,CENTER,4,240,0,5.335999965667725,55.0
frame_0374,RIGHT,0,0,0,0.0,60.0
frame_0376,LEFT,4,240,0,19.664499282836914,45.0
frame_0376,CENTER,4,240,0,5.610099792480469,55.0
frame_0376,RIGHT,0,0,0,0.0,60.0
frame_0397,LEFT,3,180,0,4.383999824523926,55.0
frame_0397,CENTER,3,180,0,9.702199935913086,55.0
frame_0397,RIGHT,0,0,0,0.0,60.0
frame_0121,LEFT,2,120,0,0.8805000185966492,55.0
frame_0121,CENTER,4,240,0,8.605799674987793,55.0
frame_0121,RIGHT,0,0,0,0.0,60.0
frame_0190,LEFT,4,240,0,4.812099933624268,55.0
frame_0190,CENTER,5,300,0,1.8549000024795532,55.0
frame_0190,RIGHT,0,0,0,0.0,60.0
frame_0072,LEFT,3,180,0,9.217499732971191,55.0
frame_0072,CENTER,3,180,0,7.755199909210205,55.0
frame_0072,RIGHT,1,60,0,12.900699615478516,45.0
frame_0054,LEFT,6,360,0,15.793299674987793,45.0
frame_0054,CENTER,2,120,0,6.434199810028076,55.0
frame_0054,RIGHT,1,60,0,7.421599864959717,55.0
frame_0024,LEFT,6,360,0,14.023300170898438,45.0
frame_0024,CENTER,2,120,0,5.693600177764893,55.0
frame_0024,RIGHT,0,0,0,0.0,60.0
frame_0364,LEFT,3,180,0,12.705699920654297,45.0
frame_0364,CENTER,4,240,0,4.423900127410889,55.0
frame_0364,RIGHT,0,0,0,0.0,60.0
frame_0217,LEFT,3,180,0,6.928400039672852,55.0
frame_0217,CENTER,5,300,0,2.9433000087738037,55.0
frame_0217,RIGHT,0,0,0,0.0,60.0
frame_0309,LEFT,4,240,0,3.2262001037597656,55.0
frame_0309,CENTER,7,420,0,8.737899780273438,55.0
frame_0309,RIGHT,0,0,0,0.0,60.0
frame_0030,LEFT,6,360,0,7.106200218200684,55.0
frame_0030,CENTER,2,120,0,5.723899841308594,55.0
frame_0030,RIGHT,0,0,0,0.0,60.0
frame_0200,LEFT,5,300,0,9.758099555969238,55.0
frame_0200,CENTER,4,240,0,1.8955999612808228,55.0
frame_0200,RIGHT,0,0,0,0.0,60.0
frame_0350,LEFT,6,360,0,23.01099967956543,35.0
frame_0350,CENTER,4,240,0,11.178400039672852,45.0
frame_0350,RIGHT,0,0,0,0.0,60.0
frame_0150,LEFT,3,180,0,7.030700206756592,55.0
frame_0150,CENTER,6,360,0,9.20359992980957,55.0
frame_0150,RIGHT,0,0,0,0.0,60.0
frame_0073,LEFT,3,180,0,7.2779998779296875,55.0
frame_0073,CENTER,3,180,0,7.729700088500977,55.0
frame_0073,RIGHT,1,60,0,12.570699691772461,45.0
frame_0215,LEFT,3,180,0,5.927599906921387,55.0
frame_0215,CENTER,5,300,0,2.879300117492676,55.0
frame_0215,RIGHT,0,0,0,0.0,60.0
frame_0041,LEFT,5,300,0,10.633299827575684,45.0
frame_0041,CENTER,2,120,0,6.0802001953125,55.0
frame_0041,RIGHT,1,60,0,4.270999908447266,55.0
frame_0299,LEFT,5,300,0,2.8568999767303467,55.0
frame_0299,CENTER,6,360,0,13.380800247192383,45.0
frame_0299,RIGHT,0,0,0,0.0,60.0
frame_0100,LEFT,3,180,0,8.83549976348877,55.0
frame_0100,CENTER,3,180,0,13.150199890136719,45.0
frame_0100,RIGHT,0,0,0,0.0,60.0
frame_0335,LEFT,5,300,0,12.01360034942627,45.0
frame_0335,CENTER,5,300,0,7.771599769592285,55.0
frame_0335,RIGHT,0,0,0,0.0,60.0
frame_0090,LEFT,3,180,0,4.258500099182129,55.0
frame_0090,CENTER,3,180,0,11.236499786376953,45.0
frame_0090,RIGHT,0,0,0,0.0,60.0
frame_0291,LEFT,5,300,0,2.4365999698638916,55.0
frame_0291,CENTER,6,360,0,11.58240032196045,45.0
frame_0291,RIGHT,0,0,0,0.0,60.0
frame_0060,LEFT,4,240,0,9.052499771118164,55.0
frame_0060,CENTER,4,240,0,7.35830020904541,55.0
frame_0060,RIGHT,1,60,0,8.408300399780273,55.0
frame_0313,LEFT,4,240,0,3.5378000736236572,55.0
frame_0313,CENTER,6,360,0,5.554500102996826,55.0
frame_0313,RIGHT,0,0,0,0.0,60.0
frame_0323,LEFT,5,300,0,6.40880012512207,55.0
frame_0323,CENTER,5,300,0,6.218100070953369,55.0
frame_0323,RIGHT,0,0,0,0.0,60.0
frame_0078,LEFT,2,120,0,2.360599994659424,55.0
frame_0078,CENTER,3,180,0,8.638999938964844,55.0
frame_0078,RIGHT,1,60,0,7.97130012512207,55.0
frame_0013,LEFT,6,360,0,9.086400032043457,55.0
frame_0013,CENTER,2,120,0,5.27869987487793,55.0
frame_0013,RIGHT,0,0,0,0.0,60.0
frame_0343,LEFT,6,360,0,20.69729995727539,35.0
frame_0343,CENTER,4,240,0,9.138699531555176,55.0
frame_0343,RIGHT,0,0,0,0.0,60.0
frame_0055,LEFT,5,300,0,15.321599960327148,45.0
frame_0055,CENTER,3,180,0,6.632500171661377,55.0
frame_0055,RIGHT,1,60,0,7.323599815368652,55.0
frame_0210,LEFT,6,360,0,10.479499816894531,45.0
frame_0210,CENTER,6,360,0,2.925800085067749,55.0
frame_0210,RIGHT,0,0,0,0.0,60.0
frame_0384,LEFT,4,240,0,15.5649995803833,45.0
frame_0384,CENTER,3,180,0,6.018700122833252,55.0
frame_0384,RIGHT,0,0,0,0.0,60.0
frame_0392,LEFT,4,240,0,9.246800422668457,55.0
frame_0392,CENTER,3,180,0,7.615600109100342,55.0
frame_0392,RIGHT,0,0,0,0.0,60.0
frame_0363,LEFT,3,180,0,11.071499824523926,45.0
frame_0363,CENTER,4,240,0,4.495800018310547,55.0
frame_0363,RIGHT,0,0,0,0.0,60.0
frame_0162,LEFT,3,180,0,9.569700241088867,55.0
frame_0162,CENTER,7,420,0,9.700200080871582,55.0
frame_0162,RIGHT,0,0,0,0.0,60.0
frame_0357,LEFT,4,240,0,10.517800331115723,45.0
frame_0357,CENTER,5,300,0,9.346199989318848,55.0
frame_0357,RIGHT,0,0,0,0.0,60.0
frame_0204,LEFT,5,300,0,13.340200424194336,45.0
frame_0204,CENTER,6,360,0,2.865299940109253,55.0
frame_0204,RIGHT,0,0,0,0.0,60.0
frame_0223,LEFT,5,300,0,10.560600280761719,45.0
frame_0223,CENTER,5,300,0,3.2630999088287354,55.0
frame_0223,RIGHT,0,0,0,0.0,60.0
frame_0307,LEFT,4,240,0,3.117000102996826,55.0
frame_0307,CENTER,7,420,0,9.766300201416016,55.0
frame_0307,RIGHT,0,0,0,0.0,60.0
frame_0166,LEFT,4,240,0,4.616000175476074,55.0
frame_0166,CENTER,7,420,0,8.07450008392334,55.0
frame_0166,RIGHT,0,0,0,0.0,60.0
frame_0386,LEFT,4,240,0,16.73349952697754,45.0
frame_0386,CENTER,4,240,0,6.662899971008301,55.0
frame_0386,RIGHT,0,0,0,0.0,60.0
frame_0177,LEFT,2,120,0,1.920699954032898,55.0
frame_0177,CENTER,5,300,0,1.1191999912261963,55.0
frame_0177,RIGHT,0,0,0,0.0,60.0
frame_0026,LEFT,6,360,0,11.287599563598633,45.0
frame_0026,CENTER,2,120,0,5.82289981842041,55.0
frame_0026,RIGHT,0,0,0,0.0,60.0
frame_0047,LEFT,6,360,0,15.690899848937988,45.0
frame_0047,CENTER,2,120,0,6.4679999351501465,55.0
frame_0047,RIGHT,1,60,0,5.721799850463867,55.0
frame_0179,LEFT,2,120,0,2.0211000442504883,55.0
frame_0179,CENTER,4,240,0,1.0454000234603882,55.0
frame_0179,RIGHT,0,0,0,0.0,60.0
frame_0192,LEFT,4,240,0,5.31790018081665,55.0
frame_0192,CENTER,4,240,0,1.5901999473571777,55.0
frame_0192,RIGHT,0,0,0,0.0,60.0
frame_0191,LEFT,4,240,0,5.157400131225586,55.0
frame_0191,CENTER,4,240,0,1.417099952697754,55.0
frame_0191,RIGHT,0,0,0,0.0,60.0
frame_0318,LEFT,5,300,0,5.107399940490723,55.0
frame_0318,CENTER,5,300,0,5.307000160217285,55.0
frame_0318,RIGHT,0,0,0,0.0,60.0
frame_0029,LEFT,5,300,0,7.5289998054504395,55.0
frame_0029,CENTER,2,120,0,5.760000228881836,55.0
frame_0029,RIGHT,0,0,0,0.0,60.0
frame_0161,LEFT,3,180,0,10.847599983215332,45.0
frame_0161,CENTER,6,360,0,9.386500358581543,55.0
frame_0161,RIGHT,0,0,0,0.0,60.0
frame_0263,LEFT,6,360,0,11.621399879455566,45.0
frame_0263,CENTER,6,360,0,5.414100170135498,55.0
frame_0263,RIGHT,0,0,0,0.0,60.0
frame_0000,LEFT,6,360,0,8.395299911499023,55.0
frame_0000,CENTER,3,180,0,5.7434000968933105,55.0
frame_0000,RIGHT,0,0,0,0.0,60.0
frame_0135,LEFT,4,240,0,2.7358999252319336,55.0
frame_0135,CENTER,3,180,0,5.134099960327148,55.0
frame_0135,RIGHT,0,0,0,0.0,60.0
frame_0469,LEFT,4,240,0,15.09939956665039,45.0
frame_0469,CENTER,1,60,0,0.12759999930858612,55.0
frame_0469,RIGHT,0,0,0,0.0,60.0
frame_0438,LEFT,4,240,0,2.9477999210357666,55.0
frame_0438,CENTER,1,60,0,4.965000152587891,55.0
frame_0438,RIGHT,0,0,0,0.0,60.0
frame_0433,LEFT,3,180,0,2.1191999912261963,55.0
frame_0433,CENTER,1,60,0,4.0157999992370605,55.0
frame_0433,RIGHT,0,0,0,0.0,60.0
frame_0451,LEFT,3,180,0,5.172399997711182,55.0
frame_0451,CENTER,1,60,0,8.582799911499023,55.0
frame_0451,RIGHT,0,0,0,0.0,60.0
frame_0459,LEFT,4,240,0,9.018099784851074,55.0
frame_0459,CENTER,2,120,0,4.880799770355225,55.0
frame_0459,RIGHT,0,0,0,0.0,60.0
frame_0456,LEFT,4,240,0,7.716800212860107,55.0
frame_0456,CENTER,2,120,0,6.91349983215332,55.0
frame_0456,RIGHT,0,0,0,0.0,60.0
frame_0440,LEFT,5,300,0,3.660799980163574,55.0
frame_0440,CENTER,1,60,0,5.499300003051758,55.0
frame_0440,RIGHT,0,0,0,0.0,60.0
frame_0447,LEFT,4,240,0,4.745500087738037,55.0
frame_0447,CENTER,1,60,0,6.23199987411499,55.0
frame_0447,RIGHT,0,0,0,0.0,60.0
frame_0402,LEFT,3,180,0,5.006700038909912,55.0
frame_0402,CENTER,3,180,0,9.074700355529785,55.0
frame_0402,RIGHT,0,0,0,0.0,60.0
frame_0435,LEFT,4,240,0,2.614799976348877,55.0
frame_0435,CENTER,1,60,0,4.617599964141846,55.0
frame_0435,RIGHT,0,0,0,0.0,60.0
frame_0468,LEFT,4,240,0,15.563599586486816,45.0
frame_0468,CENTER,0,0,0,0.0,60.0
frame_0468,RIGHT,0,0,0,0.0,60.0
frame_0489,LEFT,3,180,0,2.22189998626709,55.0
frame_0489,CENTER,1,60,0,0.1956000030040741,55.0
frame_0489,RIGHT,0,0,0,0.0,60.0
frame_0423,LEFT,4,240,0,12.681599617004395,45.0
frame_0423,CENTER,2,120,0,3.3478000164031982,55.0
frame_0423,RIGHT,0,0,0,0.0,60.0
frame_0474,LEFT,4,240,0,8.236200332641602,55.0
frame_0474,CENTER,1,60,0,0.13079999387264252,55.0
frame_0474,RIGHT,0,0,0,0.0,60.0
frame_0463,LEFT,4,240,0,11.293800354003906,45.0
frame_0463,CENTER,1,60,0,0.17550000548362732,55.0
frame_0463,RIGHT,0,0,0,0.0,60.0
frame_0470,LEFT,3,180,0,13.086899757385254,45.0
frame_0470,CENTER,0,0,0,0.0,60.0
frame_0470,RIGHT,0,0,0,0.0,60.0
frame_0429,LEFT,4,240,0,5.267399787902832,55.0
frame_0429,CENTER,1,60,0,3.408900022506714,55.0
frame_0429,RIGHT,0,0,0,0.0,60.0
frame_0462,LEFT,3,180,0,10.353699684143066,45.0
frame_0462,CENTER,2,120,0,1.5298000574111938,55.0
frame_0462,RIGHT,0,0,0,0.0,60.0
frame_0478,LEFT,3,180,0,2.109499931335449,55.0
frame_0478,CENTER,1,60,0,0.15060000121593475,55.0
frame_0478,RIGHT,0,0,0,0.0,60.0
frame_0401,LEFT,3,180,0,4.5578999519348145,55.0
frame_0401,CENTER,3,180,0,9.0201997756958,55.0
frame_0401,RIGHT,0,0,0,0.0,60.0
frame_0437,LEFT,5,300,0,3.105799913406372,55.0
frame_0437,CENTER,1,60,0,4.866300106048584,55.0
frame_0437,RIGHT,0,0,0,0.0,60.0
frame_0411,LEFT,3,180,0,8.238699913024902,55.0
frame_0411,CENTER,2,120,0,2.734800100326538,55.0
frame_0411,RIGHT,0,0,0,0.0,60.0
frame_0414,LEFT,3,180,0,9.980999946594238,55.0
frame_0414,CENTER,2,120,0,2.806999921798706,55.0
frame_0414,RIGHT,0,0,0,0.0,60.0
frame_0458,LEFT,4,240,0,8.329099655151367,55.0
frame_0458,CENTER,2,120,0,5.670899868011475,55.0
frame_0458,RIGHT,0,0,0,0.0,60.0
frame_0418,LEFT,3,180,0,13.437800407409668,45.0
frame_0418,CENTER,2,120,0,3.0852999687194824,55.0
frame_0418,RIGHT,0,0,0,0.0,60.0
frame_0483,LEFT,4,240,0,2.3798999786376953,55.0
frame_0483,CENTER,1,60,0,0.1712000072002411,55.0
frame_0483,RIGHT,0,0,0,0.0,60.0
frame_0444,LEFT,4,240,0,4.138800144195557,55.0
frame_0444,CENTER,1,60,0,5.811999797821045,55.0
frame_0444,RIGHT,0,0,0,0.0,60.0
frame_0408,LEFT,4,240,0,7.337200164794922,55.0
frame_0408,CENTER,4,240,0,8.118200302124023,55.0
frame_0408,RIGHT,0,0,0,0.0,60.0
frame_0415,LEFT,3,180,0,10.61340045928955,45.0
frame_0415,CENTER,2,120,0,3.0085999965667725,55.0
frame_0415,RIGHT,0,0,0,0.0,60.0
frame_0413,LEFT,3,180,0,9.228799819946289,55.0
frame_0413,CENTER,2,120,0,2.8004000186920166,55.0
frame_0413,RIGHT,0,0,0,0.0,60.0
frame_0491,LEFT,3,180,0,2.2339000701904297,55.0
frame_0491,CENTER,1,60,0,0.20110000669956207,55.0
frame_0491,RIGHT,0,0,0,0.0,60.0
frame_0457,LEFT,4,240,0,7.714300155639648,55.0
frame_0457,CENTER,2,120,0,6.537799835205078,55.0
frame_0457,RIGHT,0,0,0,0.0,60.0
frame_0481,LEFT,4,240,0,2.374799966812134,55.0
frame_0481,CENTER,1,60,0,0.14350000023841858,55.0
frame_0481,RIGHT,0,0,0,0.0,60.0
frame_0488,LEFT,3,180,0,2.202899932861328,55.0
frame_0488,CENTER,1,60,0,0.1858000010251999,55.0
frame_0488,RIGHT,0,0,0,0.0,60.0
frame_0432,LEFT,3,180,0,2.0227999687194824,55.0
frame_0432,CENTER,1,60,0,3.5841000080108643,55.0
frame_0432,RIGHT,0,0,0,0.0,60.0
frame_0427,LEFT,4,240,0,8.481399536132812,55.0
frame_0427,CENTER,1,60,0,3.187999963760376,55.0
frame_0427,RIGHT,0,0,0,0.0,60.0
frame_0407,LEFT,4,240,0,6.639400005340576,55.0
frame_0407,CENTER,3,180,0,6.689799785614014,55.0
frame_0407,RIGHT,0,0,0,0.0,60.0
frame_0464,LEFT,3,180,0,11.87440013885498,45.0
frame_0464,CENTER,0,0,0,0.0,60.0
frame_0464,RIGHT,0,0,0,0.0,60.0
frame_0471,LEFT,4,240,0,13.485199928283691,45.0
frame_0471,CENTER,0,0,0,0.0,60.0
frame_0471,RIGHT,0,0,0,0.0,60.0
frame_0487,LEFT,3,180,0,2.440500020980835,55.0
frame_0487,CENTER,1,60,0,0.19689999520778656,55.0
frame_0487,RIGHT,0,0,0,0.0,60.0
frame_0431,LEFT,3,180,0,1.8688000440597534,55.0
frame_0431,CENTER,1,60,0,3.6659998893737793,55.0
frame_0431,RIGHT,0,0,0,0.0,60.0
frame_0442,LEFT,5,300,0,3.9616000652313232,55.0
frame_0442,CENTER,1,60,0,5.322700023651123,55.0
frame_0442,RIGHT,0,0,0,0.0,60.0
frame_0453,LEFT,3,180,0,6.296899795532227,55.0
frame_0453,CENTER,2,120,0,8.101900100708008,55.0
frame_0453,RIGHT,0,0,0,0.0,60.0
frame_0452,LEFT,3,180,0,5.769899845123291,55.0
frame_0452,CENTER,1,60,0,8.566100120544434,55.0
frame_0452,RIGHT,0,0,0,0.0,60.0
frame_0492,LEFT,3,180,0,2.2887001037597656,55.0
frame_0492,CENTER,1,60,0,0.20640000700950623,55.0
frame_0492,RIGHT,0,0,0,0.0,60.0
frame_0416,LEFT,3,180,0,11.53499984741211,45.0
frame_0416,CENTER,2,120,0,2.993299961090088,55.0
frame_0416,RIGHT,0,0,0,0.0,60.0
frame_0473,LEFT,4,240,0,9.501799583435059,55.0
frame_0473,CENTER,1,60,0,0.14579999446868896,55.0
frame_0473,RIGHT,0,0,0,0.0,60.0
frame_0494,LEFT,4,240,0,2.9472999572753906,55.0
frame_0494,CENTER,1,60,0,0.20669999718666077,55.0
frame_0494,RIGHT,0,0,0,0.0,60.0
frame_0480,LEFT,3,180,0,2.1005001068115234,55.0
frame_0480,CENTER,1,60,0,0.15029999613761902,55.0
frame_0480,RIGHT,0,0,0,0.0,60.0
frame_0460,LEFT,4,240,0,9.229399681091309,55.0
frame_0460,CENTER,2,120,0,4.42080020904541,55.0
frame_0460,RIGHT,0,0,0,0.0,60.0
frame_0400,LEFT,3,180,0,4.388000011444092,55.0
frame_0400,CENTER,3,180,0,9.71720027923584,55.0
frame_0400,RIGHT,0,0,0,0.0,60.0
frame_0419,LEFT,3,180,0,14.850099563598633,45.0
frame_0419,CENTER,2,120,0,3.0130999088287354,55.0
frame_0419,RIGHT,0,0,0,0.0,60.0
frame_0410,LEFT,4,240,0,8.317399978637695,55.0
frame_0410,CENTER,2,120,0,2.6910998821258545,55.0
frame_0410,RIGHT,0,0,0,0.0,60.0
frame_0467,LEFT,4,240,0,15.446900367736816,45.0
frame_0467,CENTER,0,0,0,0.0,60.0
frame_0467,RIGHT,0,0,0,0.0,60.0
frame_0417,LEFT,3,180,0,13.062800407409668,45.0
frame_0417,CENTER,2,120,0,3.152899980545044,55.0
frame_0417,RIGHT,0,0,0,0.0,60.0
frame_0472,LEFT,3,180,0,11.32129955291748,45.0
frame_0472,CENTER,1,60,0,0.14319999516010284,55.0
frame_0472,RIGHT,0,0,0,0.0,60.0
frame_0454,LEFT,3,180,0,6.3821001052856445,55.0
frame_0454,CENTER,2,120,0,8.014200210571289,55.0
frame_0454,RIGHT,0,0,0,0.0,60.0
frame_0434,LEFT,4,240,0,2.504300117492676,55.0
frame_0434,CENTER,1,60,0,4.355500221252441,55.0
frame_0434,RIGHT,0,0,0,0.0,60.0
frame_0409,LEFT,4,240,0,8.134699821472168,55.0
frame_0409,CENTER,2,120,0,2.709399938583374,55.0
frame_0409,RIGHT,0,0,0,0.0,60.0
frame_0495,LEFT,4,240,0,2.919300079345703,55.0
frame_0495,CENTER,1,60,0,0.20010000467300415,55.0
frame_0495,RIGHT,0,0,0,0.0,60.0
frame_0430,LEFT,4,240,0,3.9690001010894775,55.0
frame_0430,CENTER,1,60,0,3.4883999824523926,55.0
frame_0430,RIGHT,0,0,0,0.0,60.0
frame_0449,LEFT,3,180,0,4.750400066375732,55.0
frame_0449,CENTER,2,120,0,7.6006999015808105,55.0
frame_0449,RIGHT,0,0,0,0.0,60.0
frame_0425,LEFT,4,240,0,10.786600112915039,45.0
frame_0425,CENTER,2,120,0,3.897900104522705,55.0
frame_0425,RIGHT,0,0,0,0.0,60.0
frame_0428,LEFT,5,300,0,7.4868998527526855,55.0
frame_0428,CENTER,1,60,0,3.2142999172210693,55.0
frame_0428,RIGHT,0,0,0,0.0,60.0
frame_0403,LEFT,4,240,0,5.627699851989746,55.0
frame_0403,CENTER,3,180,0,8.547800064086914,55.0
frame_0403,RIGHT,0,0,0,0.0,60.0
frame_0443,LEFT,4,240,0,3.873300075531006,55.0
frame_0443,CENTER,1,60,0,5.485099792480469,55.0
frame_0443,RIGHT,0,0,0,0.0,60.0
frame_0475,LEFT,5,300,0,6.954100131988525,55.0
frame_0475,CENTER,1,60,0,0.1307000070810318,55.0
frame_0475,RIGHT,0,0,0,0.0,60.0
frame_0493,LEFT,3,180,0,2.395900011062622,55.0
frame_0493,CENTER,1,60,0,0.20970000326633453,55.0
frame_0493,RIGHT,0,0,0,0.0,60.0
frame_0405,LEFT,4,240,0,5.845300197601318,55.0
frame_0405,CENTER,3,180,0,7.917099952697754,55.0
frame_0405,RIGHT,0,0,0,0.0,60.0
frame_0412,LEFT,3,180,0,8.858699798583984,55.0
frame_0412,CENTER,2,120,0,2.8101999759674072,55.0
frame_0412,RIGHT,0,0,0,0.0,60.0
frame_0484,LEFT,4,240,0,2.45169997215271,55.0
frame_0484,CENTER,1,60,0,0.17749999463558197,55.0
frame_0484,RIGHT,0,0,0,0.0,60.0
frame_0439,LEFT,3,180,0,2.7392001152038574,55.0
frame_0439,CENTER,1,60,0,5.049200057983398,55.0
frame_0439,RIGHT,0,0,0,0.0,60.0
frame_0422,LEFT,3,180,0,14.656599998474121,45.0
frame_0422,CENTER,2,120,0,3.4291000366210938,55.0
frame_0422,RIGHT,0,0,0,0.0,60.0
frame_0450,LEFT,4,240,0,5.411200046539307,55.0
frame_0450,CENTER,2,120,0,8.419400215148926,55.0
frame_0450,RIGHT,0,0,0,0.0,60.0
frame_0490,LEFT,3,180,0,2.209199905395508,55.0
frame_0490,CENTER,1,60,0,0.2085999995470047,55.0
frame_0490,RIGHT,0,0,0,0.0,60.0
frame_0498,LEFT,3,180,0,2.334399938583374,55.0
frame_0498,CENTER,1,60,0,0.20319999754428864,55.0
frame_0498,RIGHT,0,0,0,0.0,60.0
frame_0482,LEFT,4,240,0,2.3324999809265137,55.0
frame_0482,CENTER,1,60,0,0.15060000121593475,55.0
frame_0482,RIGHT,0,0,0,0.0,60.0
frame_0436,LEFT,4,240,0,2.7063000202178955,55.0
frame_0436,CENTER,1,60,0,5.040999889373779,55.0
frame_0436,RIGHT,0,0,0,0.0,60.0
frame_0485,LEFT,4,240,0,2.590100049972534,55.0
frame_0485,CENTER,1,60,0,0.16910000145435333,55.0
frame_0485,RIGHT,0,0,0,0.0,60.0
frame_0420,LEFT,3,180,0,14.75529956817627,45.0
frame_0420,CENTER,2,120,0,3.2959001064300537,55.0
frame_0420,RIGHT,0,0,0,0.0,60.0
frame_0399,LEFT,3,180,0,4.089000225067139,55.0
frame_0399,CENTER,3,180,0,9.912199974060059,55.0
frame_0399,RIGHT,0,0,0,0.0,60.0
frame_0446,LEFT,4,240,0,4.652100086212158,55.0
frame_0446,CENTER,1,60,0,6.2891998291015625,55.0
frame_0446,RIGHT,0,0,0,0.0,60.0
frame_0479,LEFT,3,180,0,2.182499885559082,55.0
frame_0479,CENTER,1,60,0,0.14390000700950623,55.0
frame_0479,RIGHT,0,0,0,0.0,60.0
frame_0421,LEFT,3,180,0,15.90149974822998,45.0
frame_0421,CENTER,2,120,0,3.234100103378296,55.0
frame_0421,RIGHT,0,0,0,0.0,60.0
frame_0441,LEFT,4,240,0,3.5044000148773193,55.0
frame_0441,CENTER,1,60,0,5.1244001388549805,55.0
frame_0441,RIGHT,0,0,0,0.0,60.0
frame_0496,LEFT,3,180,0,2.3694000244140625,55.0
frame_0496,CENTER,0,0,0,0.0,60.0
frame_0496,RIGHT,0,0,0,0.0,60.0
frame_0426,LEFT,4,240,0,10.284299850463867,45.0
frame_0426,CENTER,2,120,0,3.751800060272217,55.0
frame_0426,RIGHT,0,0,0,0.0,60.0
frame_0455,LEFT,3,180,0,6.706900119781494,55.0
frame_0455,CENTER,2,120,0,7.356100082397461,55.0
frame_0455,RIGHT,0,0,0,0.0,60.0
frame_0466,LEFT,4,240,0,13.61970043182373,45.0
frame_0466,CENTER,1,60,0,0.16750000417232513,55.0
frame_0466,RIGHT,0,0,0,0.0,60.0
frame_0424,LEFT,4,240,0,12.390600204467773,45.0
frame_0424,CENTER,2,120,0,3.459399938583374,55.0
frame_0424,RIGHT,0,0,0,0.0,60.0
frame_0448,LEFT,4,240,0,4.896399974822998,55.0
frame_0448,CENTER,1,60,0,7.146699905395508,55.0
frame_0448,RIGHT,0,0,0,0.0,60.0
frame_0497,LEFT,3,180,0,2.2827000617980957,55.0
frame_0497,CENTER,0,0,0,0.0,60.0
frame_0497,RIGHT,0,0,0,0.0,60.0
frame_0477,LEFT,3,180,0,2.059299945831299,55.0
frame_0477,CENTER,1,60,0,0.1388999968767166,55.0
frame_0477,RIGHT,0,0,0,0.0,60.0
frame_0406,LEFT,4,240,0,6.223999977111816,55.0
frame_0406,CENTER,3,180,0,7.246799945831299,55.0
frame_0406,RIGHT,0,0,0,0.0,60.0
frame_0486,LEFT,3,180,0,2.1484999656677246,55.0
frame_0486,CENTER,1,60,0,0.1793999969959259,55.0
frame_0486,RIGHT,0,0,0,0.0,60.0
frame_0465,LEFT,4,240,0,13.545000076293945,45.0
frame_0465,CENTER,0,0,0,0.0,60.0
frame_0465,RIGHT,0,0,0,0.0,60.0
frame_0445,LEFT,5,300,0,5.087900161743164,55.0
frame_0445,CENTER,1,60,0,6.139400005340576,55.0
frame_0445,RIGHT,0,0,0,0.0,60.0
frame_0461,LEFT,4,240,0,9.565500259399414,55.0
frame_0461,CENTER,2,120,0,2.8134000301361084,55.0
frame_0461,RIGHT,0,0,0,0.0,60.0
frame_0476,LEFT,4,240,0,4.360499858856201,55.0
frame_0476,CENTER,1,60,0,0.1339000016450882,55.0
frame_0476,RIGHT,0,0,0,0.0,60.0
frame_0404,LEFT,3,180,0,5.664599895477295,55.0
frame_0404,CENTER,3,180,0,8.358099937438965,55.0
frame_0404,RIGHT,0,0,0,0.0,60.0
